agent,size,dirt,size_value,time,performance
random,128x128,0.0,7.0,0.0,1.0
random,128x128,0.01,7.0,1000.0,0.006014528193898078
random,128x128,0.02,7.0,1000.0,0.0059354354305811
random,128x128,0.03,7.0,1000.0,0.005748099295949949
random,128x128,0.04,7.0,1000.0,0.0060089713440839
random,128x128,0.05,7.0,1000.0,0.006082589225913665
random,128x128,0.06,7.0,1000.0,0.006120418873005504
random,128x128,0.07,7.0,1000.0,0.005999289362146406
random,128x128,0.08,7.0,1000.0,0.006035022377751298
random,128x128,0.09,7.0,1000.0,0.006010162819960244
random,128x128,0.1,7.0,1000.0,0.006124062533764927
random,128x128,0.11,7.0,1000.0,0.006037126681614454
random,128x128,0.12,7.0,1000.0,0.0060770048569510635
random,128x128,0.13,7.0,1000.0,0.005967855938814658
random,128x128,0.14,7.0,1000.0,0.00602766304341714
random,128x128,0.15,7.0,1000.0,0.005949915488821004
random,128x128,0.16,7.0,1000.0,0.005935190890146498
random,128x128,0.17,7.0,1000.0,0.006040654504275437
random,128x128,0.18,7.0,1000.0,0.006041893622269633
random,128x128,0.19,7.0,1000.0,0.0060226214626021525
random,128x128,0.2,7.0,1000.0,0.005967262458095571
random,128x128,0.21,7.0,1000.0,0.006011974812804975
random,128x128,0.22,7.0,1000.0,0.006033186000452043
random,128x128,0.23,7.0,1000.0,0.006060607364944937
random,128x128,0.24,7.0,1000.0,0.006107429792565013
random,128x128,0.25,7.0,1000.0,0.006053711228354145
random,128x128,0.26,7.0,1000.0,0.005967114494094144
random,128x128,0.27,7.0,1000.0,0.005988755530780359
random,128x128,0.28,7.0,1000.0,0.006035370295434313
random,128x128,0.29,7.0,1000.0,0.005981287228158195
random,128x128,0.3,7.0,1000.0,0.0059925892767326
random,128x128,0.31,7.0,1000.0,0.006051704374875923
random,128x128,0.32,7.0,1000.0,0.006048209120994695
random,128x128,0.33,7.0,1000.0,0.00606040358161047
random,128x128,0.34,7.0,1000.0,0.006040463921001056
random,128x128,0.35000000000000003,7.0,1000.0,0.005997159567688424
random,128x128,0.36,7.0,1000.0,0.005941503749126736
random,128x128,0.37,7.0,1000.0,0.006020957054568267
random,128x128,0.38,7.0,1000.0,0.006091769700143509
random,128x128,0.39,7.0,1000.0,0.00607268388790205
random,128x128,0.4,7.0,1000.0,0.006036485906787283
random,128x128,0.41000000000000003,7.0,1000.0,0.005991747853278779
random,128x128,0.42,7.0,1000.0,0.005988242852513853
random,128x128,0.43,7.0,1000.0,0.005994230378285436
random,128x128,0.44,7.0,1000.0,0.006015514471964176
random,128x128,0.45,7.0,1000.0,0.006055967286181599
random,128x128,0.46,7.0,1000.0,0.0060669843142205394
random,128x128,0.47000000000000003,7.0,1000.0,0.0060100889218193555
random,128x128,0.48,7.0,1000.0,0.005996580784707226
random,128x128,0.49,7.0,1000.0,0.006004701972817095
random,128x128,0.5,7.0,1000.0,0.0060476303411044156
random,128x128,0.51,7.0,1000.0,0.0060253657975777855
random,128x128,0.52,7.0,1000.0,0.006009042811733662
random,128x128,0.53,7.0,1000.0,0.005983164751618276
random,128x128,0.54,7.0,1000.0,0.006014169728848153
random,128x128,0.55,7.0,1000.0,0.006027615546482426
random,128x128,0.56,7.0,1000.0,0.006019387440525146
random,128x128,0.5700000000000001,7.0,1000.0,0.005997411907620982
random,128x128,0.58,7.0,1000.0,0.006022511294726752
random,128x128,0.59,7.0,1000.0,0.006051138753506507
random,128x128,0.6,7.0,1000.0,0.005999540089106486
random,128x128,0.61,7.0,1000.0,0.006016611142970338
random,128x128,0.62,7.0,1000.0,0.006068575076046403
random,128x128,0.63,7.0,1000.0,0.006019742724918309
random,128x128,0.64,7.0,1000.0,0.006068778776770561
random,128x128,0.65,7.0,1000.0,0.006073561180094112
random,128x128,0.66,7.0,1000.0,0.006036901700496076
random,128x128,0.67,7.0,1000.0,0.006013514142904136
random,128x128,0.68,7.0,1000.0,0.006045046845330713
random,128x128,0.6900000000000001,7.0,1000.0,0.006031860791372465
random,128x128,0.7000000000000001,7.0,1000.0,0.006063480330667281
random,128x128,0.71,7.0,1000.0,0.006052513369150859
random,128x128,0.72,7.0,1000.0,0.006006346382089113
random,128x128,0.73,7.0,1000.0,0.0060425825987127325
random,128x128,0.74,7.0,1000.0,0.00601376484657406
random,128x128,0.75,7.0,1000.0,0.005977469452247037
random,128x128,0.76,7.0,1000.0,0.006064893090118049
random,128x128,0.77,7.0,1000.0,0.00601896854842992
random,128x128,0.78,7.0,1000.0,0.005992305766788142
random,128x128,0.79,7.0,1000.0,0.0060160318910028624
random,128x128,0.8,7.0,1000.0,0.006032606939500131
random,128x128,0.81,7.0,1000.0,0.006036241916583828
random,128x128,0.8200000000000001,7.0,1000.0,0.006029917698027849
random,128x128,0.8300000000000001,7.0,1000.0,0.006056796751542843
random,128x128,0.84,7.0,1000.0,0.006011981887382736
random,128x128,0.85,7.0,1000.0,0.0060484607823202904
random,128x128,0.86,7.0,1000.0,0.006019089329626197
random,128x128,0.87,7.0,1000.0,0.006021359473921799
random,128x128,0.88,7.0,1000.0,0.006024664607965124
random,128x128,0.89,7.0,1000.0,0.006054163964684339
random,128x128,0.9,7.0,1000.0,0.0060093410181996775
random,128x128,0.91,7.0,1000.0,0.006023409475258016
random,128x128,0.92,7.0,1000.0,0.0060424426162419284
random,128x128,0.93,7.0,1000.0,0.006022158096262284
random,128x128,0.9400000000000001,7.0,1000.0,0.006007511058601227
random,128x128,0.9500000000000001,7.0,1000.0,0.0060440450155343365
random,128x128,0.96,7.0,1000.0,0.006015408528789306
random,128x128,0.97,7.0,1000.0,0.006050298208638167
random,128x128,0.98,7.0,1000.0,0.006023209487042049
random,128x128,0.99,7.0,1000.0,0.006018021502133287
random,16x16,0.0,4.0,0.0,1.0
random,16x16,0.01,4.0,903.885,0.34580119047619046
random,16x16,0.02,4.0,986.765,0.30762733655233654
random,16x16,0.03,4.0,996.109,0.3217904623154623
random,16x16,0.04,4.0,1000.0,0.322411146056386
random,16x16,0.05,4.0,1000.0,0.31903879901675025
random,16x16,0.06,4.0,1000.0,0.3144318995685197
random,16x16,0.07,4.0,1000.0,0.3238424389117611
random,16x16,0.08,4.0,1000.0,0.3168484588964681
random,16x16,0.09,4.0,1000.0,0.3148743471977098
random,16x16,0.1,4.0,1000.0,0.31412850636447964
random,16x16,0.11,4.0,1000.0,0.3166161236810648
random,16x16,0.12,4.0,1000.0,0.31487662475730416
random,16x16,0.13,4.0,1000.0,0.31835264574025696
random,16x16,0.14,4.0,1000.0,0.31783882808662595
random,16x16,0.15,4.0,1000.0,0.3168959564324937
random,16x16,0.16,4.0,1000.0,0.3207970869110759
random,16x16,0.17,4.0,1000.0,0.3201737244027711
random,16x16,0.18,4.0,1000.0,0.3190005505176769
random,16x16,0.19,4.0,1000.0,0.31470924214469514
random,16x16,0.2,4.0,1000.0,0.31998890966206933
random,16x16,0.21,4.0,1000.0,0.32071940063048493
random,16x16,0.22,4.0,1000.0,0.31688291378580724
random,16x16,0.23,4.0,1000.0,0.31492882744252715
random,16x16,0.24,4.0,1000.0,0.3161415282869751
random,16x16,0.25,4.0,1000.0,0.3175406235478138
random,16x16,0.26,4.0,1000.0,0.31844671088146914
random,16x16,0.27,4.0,1000.0,0.3177401046618761
random,16x16,0.28,4.0,1000.0,0.31575574897414466
random,16x16,0.29,4.0,1000.0,0.31382979584482096
random,16x16,0.3,4.0,1000.0,0.3134951634804453
random,16x16,0.31,4.0,1000.0,0.3192048354196935
random,16x16,0.32,4.0,1000.0,0.31738508108325314
random,16x16,0.33,4.0,1000.0,0.31612165382779933
random,16x16,0.34,4.0,1000.0,0.3180736989271572
random,16x16,0.35000000000000003,4.0,1000.0,0.3159878355038813
random,16x16,0.36,4.0,1000.0,0.31622764094311234
random,16x16,0.37,4.0,1000.0,0.31469159723358797
random,16x16,0.38,4.0,1000.0,0.31600832197807005
random,16x16,0.39,4.0,1000.0,0.31710605265537506
random,16x16,0.4,4.0,1000.0,0.31784296677008256
random,16x16,0.41000000000000003,4.0,1000.0,0.3155937990151582
random,16x16,0.42,4.0,1000.0,0.3156965213399698
random,16x16,0.43,4.0,1000.0,0.3153900016124012
random,16x16,0.44,4.0,1000.0,0.31570967059953203
random,16x16,0.45,4.0,1000.0,0.3163092294905679
random,16x16,0.46,4.0,1000.0,0.31579096180245697
random,16x16,0.47000000000000003,4.0,1000.0,0.3170429846031658
random,16x16,0.48,4.0,1000.0,0.3181401190308214
random,16x16,0.49,4.0,1000.0,0.3153468689660642
random,16x16,0.5,4.0,1000.0,0.31565154389843364
random,16x16,0.51,4.0,1000.0,0.3171090694460563
random,16x16,0.52,4.0,1000.0,0.31539575873842896
random,16x16,0.53,4.0,1000.0,0.3168029439139388
random,16x16,0.54,4.0,1000.0,0.31786337005681603
random,16x16,0.55,4.0,1000.0,0.31873748286373027
random,16x16,0.56,4.0,1000.0,0.31522608579404476
random,16x16,0.5700000000000001,4.0,1000.0,0.31811439551771775
random,16x16,0.58,4.0,1000.0,0.3167633994624985
random,16x16,0.59,4.0,1000.0,0.3171235386122326
random,16x16,0.6,4.0,1000.0,0.31593589633365565
random,16x16,0.61,4.0,1000.0,0.31587059964583186
random,16x16,0.62,4.0,1000.0,0.3176208162413134
random,16x16,0.63,4.0,1000.0,0.31580291546563805
random,16x16,0.64,4.0,1000.0,0.3188489372080682
random,16x16,0.65,4.0,1000.0,0.3165227341513671
random,16x16,0.66,4.0,1000.0,0.3171685573658485
random,16x16,0.67,4.0,1000.0,0.3159484507351356
random,16x16,0.68,4.0,1000.0,0.3166925817379141
random,16x16,0.6900000000000001,4.0,1000.0,0.3146481700728856
random,16x16,0.7000000000000001,4.0,1000.0,0.31630402729187723
random,16x16,0.71,4.0,1000.0,0.31940021312598477
random,16x16,0.72,4.0,1000.0,0.31717320511595554
random,16x16,0.73,4.0,1000.0,0.317768856466233
random,16x16,0.74,4.0,1000.0,0.31735226087445434
random,16x16,0.75,4.0,1000.0,0.31759380829827694
random,16x16,0.76,4.0,1000.0,0.31665467295287497
random,16x16,0.77,4.0,1000.0,0.3165559833162632
random,16x16,0.78,4.0,1000.0,0.3161564875693656
random,16x16,0.79,4.0,1000.0,0.31558641255862613
random,16x16,0.8,4.0,1000.0,0.318301909874109
random,16x16,0.81,4.0,1000.0,0.3163980756843375
random,16x16,0.8200000000000001,4.0,1000.0,0.3166155127174351
random,16x16,0.8300000000000001,4.0,1000.0,0.3155659997804102
random,16x16,0.84,4.0,1000.0,0.3173418207976493
random,16x16,0.85,4.0,1000.0,0.31983263257287403
random,16x16,0.86,4.0,1000.0,0.31825681566732744
random,16x16,0.87,4.0,1000.0,0.3155747587183324
random,16x16,0.88,4.0,1000.0,0.3167957955890113
random,16x16,0.89,4.0,1000.0,0.31351865685252195
random,16x16,0.9,4.0,1000.0,0.3199839994784032
random,16x16,0.91,4.0,1000.0,0.3176760509665977
random,16x16,0.92,4.0,1000.0,0.3142743689264164
random,16x16,0.93,4.0,1000.0,0.3159681625535477
random,16x16,0.9400000000000001,4.0,1000.0,0.31907989684144267
random,16x16,0.9500000000000001,4.0,1000.0,0.3163809418605632
random,16x16,0.96,4.0,1000.0,0.3165949705939618
random,16x16,0.97,4.0,1000.0,0.3155584983419104
random,16x16,0.98,4.0,1000.0,0.31816885616456675
random,16x16,0.99,4.0,1000.0,0.31705807046905266
random,1x1,0.0,0.0,0.0,1.0
random,1x1,0.01,0.0,0.095,1.0
random,1x1,0.02,0.0,0.057,1.0
random,1x1,0.03,0.0,0.112,1.0
random,1x1,0.04,0.0,0.26,1.0
random,1x1,0.05,0.0,0.191,1.0
random,1x1,0.06,0.0,0.496,1.0
random,1x1,0.07,0.0,0.462,1.0
random,1x1,0.08,0.0,0.473,1.0
random,1x1,0.09,0.0,0.64,1.0
random,1x1,0.1,0.0,0.556,1.0
random,1x1,0.11,0.0,0.701,1.0
random,1x1,0.12,0.0,0.603,1.0
random,1x1,0.13,0.0,0.761,1.0
random,1x1,0.14,0.0,0.932,1.0
random,1x1,0.15,0.0,1.021,1.0
random,1x1,0.16,0.0,1.021,1.0
random,1x1,0.17,0.0,0.948,1.0
random,1x1,0.18,0.0,0.874,1.0
random,1x1,0.19,0.0,1.175,1.0
random,1x1,0.2,0.0,1.01,1.0
random,1x1,0.21,0.0,1.242,1.0
random,1x1,0.22,0.0,1.237,1.0
random,1x1,0.23,0.0,1.363,1.0
random,1x1,0.24,0.0,1.457,1.0
random,1x1,0.25,0.0,1.331,1.0
random,1x1,0.26,0.0,1.607,1.0
random,1x1,0.27,0.0,1.586,1.0
random,1x1,0.28,0.0,1.734,1.0
random,1x1,0.29,0.0,1.63,1.0
random,1x1,0.3,0.0,1.956,1.0
random,1x1,0.31,0.0,2.067,1.0
random,1x1,0.32,0.0,2.11,1.0
random,1x1,0.33,0.0,2.086,1.0
random,1x1,0.34,0.0,1.934,1.0
random,1x1,0.35000000000000003,0.0,2.079,1.0
random,1x1,0.36,0.0,2.222,1.0
random,1x1,0.37,0.0,2.034,1.0
random,1x1,0.38,0.0,2.207,1.0
random,1x1,0.39,0.0,2.588,1.0
random,1x1,0.4,0.0,1.983,1.0
random,1x1,0.41000000000000003,0.0,2.411,1.0
random,1x1,0.42,0.0,2.671,1.0
random,1x1,0.43,0.0,2.652,1.0
random,1x1,0.44,0.0,2.822,1.0
random,1x1,0.45,0.0,2.802,1.0
random,1x1,0.46,0.0,2.617,1.0
random,1x1,0.47000000000000003,0.0,2.867,1.0
random,1x1,0.48,0.0,3.085,1.0
random,1x1,0.49,0.0,2.85,1.0
random,1x1,0.5,0.0,3.263,1.0
random,1x1,0.51,0.0,2.897,1.0
random,1x1,0.52,0.0,2.696,1.0
random,1x1,0.53,0.0,3.185,1.0
random,1x1,0.54,0.0,2.908,1.0
random,1x1,0.55,0.0,3.482,1.0
random,1x1,0.56,0.0,3.392,1.0
random,1x1,0.5700000000000001,0.0,3.25,1.0
random,1x1,0.58,0.0,3.522,1.0
random,1x1,0.59,0.0,3.568,1.0
random,1x1,0.6,0.0,3.539,1.0
random,1x1,0.61,0.0,3.757,1.0
random,1x1,0.62,0.0,3.678,1.0
random,1x1,0.63,0.0,3.492,1.0
random,1x1,0.64,0.0,3.708,1.0
random,1x1,0.65,0.0,3.906,1.0
random,1x1,0.66,0.0,3.703,1.0
random,1x1,0.67,0.0,4.039,1.0
random,1x1,0.68,0.0,3.855,1.0
random,1x1,0.6900000000000001,0.0,4.153,1.0
random,1x1,0.7000000000000001,0.0,4.189,1.0
random,1x1,0.71,0.0,4.577,1.0
random,1x1,0.72,0.0,4.359,1.0
random,1x1,0.73,0.0,4.083,1.0
random,1x1,0.74,0.0,4.662,1.0
random,1x1,0.75,0.0,4.304,1.0
random,1x1,0.76,0.0,4.415,1.0
random,1x1,0.77,0.0,4.86,1.0
random,1x1,0.78,0.0,4.604,1.0
random,1x1,0.79,0.0,4.858,1.0
random,1x1,0.8,0.0,4.157,1.0
random,1x1,0.81,0.0,4.711,1.0
random,1x1,0.8200000000000001,0.0,5.203,1.0
random,1x1,0.8300000000000001,0.0,4.756,1.0
random,1x1,0.84,0.0,5.203,1.0
random,1x1,0.85,0.0,4.889,1.0
random,1x1,0.86,0.0,5.077,1.0
random,1x1,0.87,0.0,5.261,1.0
random,1x1,0.88,0.0,5.118,1.0
random,1x1,0.89,0.0,5.571,1.0
random,1x1,0.9,0.0,5.277,1.0
random,1x1,0.91,0.0,5.391,1.0
random,1x1,0.92,0.0,5.539,1.0
random,1x1,0.93,0.0,5.686,1.0
random,1x1,0.9400000000000001,0.0,5.459,1.0
random,1x1,0.9500000000000001,0.0,5.774,1.0
random,1x1,0.96,0.0,5.709,1.0
random,1x1,0.97,0.0,5.639,1.0
random,1x1,0.98,0.0,5.912,1.0
random,1x1,0.99,0.0,5.804,1.0
random,2x2,0.0,1.0,0.0,1.0
random,2x2,0.01,1.0,0.91,1.0
random,2x2,0.02,1.0,2.073,1.0
random,2x2,0.03,1.0,4.165,1.0
random,2x2,0.04,1.0,4.817,1.0
random,2x2,0.05,1.0,5.99,1.0
random,2x2,0.06,1.0,7.155,1.0
random,2x2,0.07,1.0,7.804,1.0
random,2x2,0.08,1.0,8.922,1.0
random,2x2,0.09,1.0,10.202,1.0
random,2x2,0.1,1.0,11.768,1.0
random,2x2,0.11,1.0,13.529,1.0
random,2x2,0.12,1.0,12.872,1.0
random,2x2,0.13,1.0,14.202,1.0
random,2x2,0.14,1.0,15.409,1.0
random,2x2,0.15,1.0,17.002,1.0
random,2x2,0.16,1.0,19.801,1.0
random,2x2,0.17,1.0,18.98,1.0
random,2x2,0.18,1.0,19.947,1.0
random,2x2,0.19,1.0,20.256,1.0
random,2x2,0.2,1.0,21.323,1.0
random,2x2,0.21,1.0,22.829,1.0
random,2x2,0.22,1.0,21.682,1.0
random,2x2,0.23,1.0,24.524,1.0
random,2x2,0.24,1.0,26.246,1.0
random,2x2,0.25,1.0,26.324,1.0
random,2x2,0.26,1.0,28.254,1.0
random,2x2,0.27,1.0,30.142,1.0
random,2x2,0.28,1.0,29.074,1.0
random,2x2,0.29,1.0,29.014,1.0
random,2x2,0.3,1.0,29.761,1.0
random,2x2,0.31,1.0,31.565,1.0
random,2x2,0.32,1.0,32.439,1.0
random,2x2,0.33,1.0,33.199,1.0
random,2x2,0.34,1.0,37.163,1.0
random,2x2,0.35000000000000003,1.0,36.551,1.0
random,2x2,0.36,1.0,34.279,1.0
random,2x2,0.37,1.0,36.284,1.0
random,2x2,0.38,1.0,37.356,1.0
random,2x2,0.39,1.0,39.078,1.0
random,2x2,0.4,1.0,38.049,1.0
random,2x2,0.41000000000000003,1.0,37.052,1.0
random,2x2,0.42,1.0,39.927,1.0
random,2x2,0.43,1.0,39.5,1.0
random,2x2,0.44,1.0,43.856,1.0
random,2x2,0.45,1.0,41.344,1.0
random,2x2,0.46,1.0,44.572,1.0
random,2x2,0.47000000000000003,1.0,43.231,1.0
random,2x2,0.48,1.0,45.234,1.0
random,2x2,0.49,1.0,45.153,1.0
random,2x2,0.5,1.0,44.18,1.0
random,2x2,0.51,1.0,44.543,1.0
random,2x2,0.52,1.0,45.405,1.0
random,2x2,0.53,1.0,45.628,1.0
random,2x2,0.54,1.0,48.223,1.0
random,2x2,0.55,1.0,49.796,1.0
random,2x2,0.56,1.0,49.998,1.0
random,2x2,0.5700000000000001,1.0,48.753,1.0
random,2x2,0.58,1.0,50.081,1.0
random,2x2,0.59,1.0,50.481,1.0
random,2x2,0.6,1.0,50.211,1.0
random,2x2,0.61,1.0,51.38,1.0
random,2x2,0.62,1.0,54.266,1.0
random,2x2,0.63,1.0,54.564,1.0
random,2x2,0.64,1.0,51.075,1.0
random,2x2,0.65,1.0,54.153,1.0
random,2x2,0.66,1.0,54.254,1.0
random,2x2,0.67,1.0,55.544,1.0
random,2x2,0.68,1.0,53.288,1.0
random,2x2,0.6900000000000001,1.0,55.711,1.0
random,2x2,0.7000000000000001,1.0,57.35,1.0
random,2x2,0.71,1.0,57.99,1.0
random,2x2,0.72,1.0,58.971,1.0
random,2x2,0.73,1.0,56.873,1.0
random,2x2,0.74,1.0,58.27,1.0
random,2x2,0.75,1.0,58.435,1.0
random,2x2,0.76,1.0,60.082,1.0
random,2x2,0.77,1.0,59.984,1.0
random,2x2,0.78,1.0,60.927,1.0
random,2x2,0.79,1.0,60.354,1.0
random,2x2,0.8,1.0,61.125,1.0
random,2x2,0.81,1.0,60.265,1.0
random,2x2,0.8200000000000001,1.0,61.373,1.0
random,2x2,0.8300000000000001,1.0,61.993,1.0
random,2x2,0.84,1.0,63.707,1.0
random,2x2,0.85,1.0,63.832,1.0
random,2x2,0.86,1.0,64.578,1.0
random,2x2,0.87,1.0,63.254,1.0
random,2x2,0.88,1.0,64.378,1.0
random,2x2,0.89,1.0,62.996,1.0
random,2x2,0.9,1.0,64.903,1.0
random,2x2,0.91,1.0,66.493,1.0
random,2x2,0.92,1.0,65.84,1.0
random,2x2,0.93,1.0,66.531,1.0
random,2x2,0.9400000000000001,1.0,65.477,1.0
random,2x2,0.9500000000000001,1.0,65.893,1.0
random,2x2,0.96,1.0,67.622,1.0
random,2x2,0.97,1.0,68.723,1.0
random,2x2,0.98,1.0,66.323,1.0
random,2x2,0.99,1.0,69.698,1.0
random,32x32,0.0,5.0,0.0,1.0
random,32x32,0.01,5.0,1000.0,0.09120528241108737
random,32x32,0.02,5.0,1000.0,0.09115322023799617
random,32x32,0.03,5.0,1000.0,0.08849662980277263
random,32x32,0.04,5.0,1000.0,0.09141916137442406
random,32x32,0.05,5.0,1000.0,0.08802443449252721
random,32x32,0.06,5.0,1000.0,0.08945951309351634
random,32x32,0.07,5.0,1000.0,0.09174470825460662
random,32x32,0.08,5.0,1000.0,0.09078223246706128
random,32x32,0.09,5.0,1000.0,0.09158610241675533
random,32x32,0.1,5.0,1000.0,0.09049724556145643
random,32x32,0.11,5.0,1000.0,0.08905797498015494
random,32x32,0.12,5.0,1000.0,0.08986861547510634
random,32x32,0.13,5.0,1000.0,0.09015447850958394
random,32x32,0.14,5.0,1000.0,0.09021410761555534
random,32x32,0.15,5.0,1000.0,0.08846143314011806
random,32x32,0.16,5.0,1000.0,0.08983306131388621
random,32x32,0.17,5.0,1000.0,0.09097400585975624
random,32x32,0.18,5.0,1000.0,0.08925477188726971
random,32x32,0.19,5.0,1000.0,0.09061105040889265
random,32x32,0.2,5.0,1000.0,0.09026918338949953
random,32x32,0.21,5.0,1000.0,0.08880759321448387
random,32x32,0.22,5.0,1000.0,0.09014511345953886
random,32x32,0.23,5.0,1000.0,0.09106545394324099
random,32x32,0.24,5.0,1000.0,0.08920020704464444
random,32x32,0.25,5.0,1000.0,0.09060400337043023
random,32x32,0.26,5.0,1000.0,0.09056304979664372
random,32x32,0.27,5.0,1000.0,0.0898981931661808
random,32x32,0.28,5.0,1000.0,0.08905169290485278
random,32x32,0.29,5.0,1000.0,0.09002332071321509
random,32x32,0.3,5.0,1000.0,0.0899060273270995
random,32x32,0.31,5.0,1000.0,0.0902004558922001
random,32x32,0.32,5.0,1000.0,0.089693620121992
random,32x32,0.33,5.0,1000.0,0.08977135261381891
random,32x32,0.34,5.0,1000.0,0.09093067151362538
random,32x32,0.35000000000000003,5.0,1000.0,0.09069823922096203
random,32x32,0.36,5.0,1000.0,0.09006919379107996
random,32x32,0.37,5.0,1000.0,0.08984670674039417
random,32x32,0.38,5.0,1000.0,0.09066366672185772
random,32x32,0.39,5.0,1000.0,0.09002523489070077
random,32x32,0.4,5.0,1000.0,0.08982934161651085
random,32x32,0.41000000000000003,5.0,1000.0,0.08957704440437217
random,32x32,0.42,5.0,1000.0,0.08931638226017
random,32x32,0.43,5.0,1000.0,0.09061754334221735
random,32x32,0.44,5.0,1000.0,0.0904575771079608
random,32x32,0.45,5.0,1000.0,0.09011200535606559
random,32x32,0.46,5.0,1000.0,0.08912376262721873
random,32x32,0.47000000000000003,5.0,1000.0,0.0897911310959272
random,32x32,0.48,5.0,1000.0,0.08904658017738251
random,32x32,0.49,5.0,1000.0,0.09020309042848763
random,32x32,0.5,5.0,1000.0,0.08982289649822124
random,32x32,0.51,5.0,1000.0,0.09002019098370534
random,32x32,0.52,5.0,1000.0,0.08931017795206604
random,32x32,0.53,5.0,1000.0,0.08996373809873097
random,32x32,0.54,5.0,1000.0,0.08969820149987903
random,32x32,0.55,5.0,1000.0,0.08974735332478963
random,32x32,0.56,5.0,1000.0,0.09038413935840729
random,32x32,0.5700000000000001,5.0,1000.0,0.09037367705793022
random,32x32,0.58,5.0,1000.0,0.09020833454043821
random,32x32,0.59,5.0,1000.0,0.08989507235328512
random,32x32,0.6,5.0,1000.0,0.09009156379752606
random,32x32,0.61,5.0,1000.0,0.0905576746288936
random,32x32,0.62,5.0,1000.0,0.09019507875198703
random,32x32,0.63,5.0,1000.0,0.08991547324782097
random,32x32,0.64,5.0,1000.0,0.08950726799483617
random,32x32,0.65,5.0,1000.0,0.08941051654011546
random,32x32,0.66,5.0,1000.0,0.09049074876570766
random,32x32,0.67,5.0,1000.0,0.0900630237526522
random,32x32,0.68,5.0,1000.0,0.08959643754905279
random,32x32,0.6900000000000001,5.0,1000.0,0.09019833754810451
random,32x32,0.7000000000000001,5.0,1000.0,0.09016034313259036
random,32x32,0.71,5.0,1000.0,0.08930807769493236
random,32x32,0.72,5.0,1000.0,0.09062037191716747
random,32x32,0.73,5.0,1000.0,0.08985496531898057
random,32x32,0.74,5.0,1000.0,0.09005279094258403
random,32x32,0.75,5.0,1000.0,0.0892481565563525
random,32x32,0.76,5.0,1000.0,0.089483483852529
random,32x32,0.77,5.0,1000.0,0.09021944520216003
random,32x32,0.78,5.0,1000.0,0.09021597642304616
random,32x32,0.79,5.0,1000.0,0.08954608371532682
random,32x32,0.8,5.0,1000.0,0.08939798744051497
random,32x32,0.81,5.0,1000.0,0.089761727944741
random,32x32,0.8200000000000001,5.0,1000.0,0.08946246928710268
random,32x32,0.8300000000000001,5.0,1000.0,0.08987908937304685
random,32x32,0.84,5.0,1000.0,0.08946450310954766
random,32x32,0.85,5.0,1000.0,0.09052749895366702
random,32x32,0.86,5.0,1000.0,0.09035551745038241
random,32x32,0.87,5.0,1000.0,0.09026023024779072
random,32x32,0.88,5.0,1000.0,0.09009049138925093
random,32x32,0.89,5.0,1000.0,0.0900399882268672
random,32x32,0.9,5.0,1000.0,0.0897989225038596
random,32x32,0.91,5.0,1000.0,0.08981555386631417
random,32x32,0.92,5.0,1000.0,0.08951873407730049
random,32x32,0.93,5.0,1000.0,0.08995539859723477
random,32x32,0.9400000000000001,5.0,1000.0,0.08950058741628009
random,32x32,0.9500000000000001,5.0,1000.0,0.08973461221552646
random,32x32,0.96,5.0,1000.0,0.08999930319205122
random,32x32,0.97,5.0,1000.0,0.09009565724354571
random,32x32,0.98,5.0,1000.0,0.0901171400951117
random,32x32,0.99,5.0,1000.0,0.0897643212477668
random,4x4,0.0,2.0,0.0,1.0
random,4x4,0.01,2.0,20.785,1.0
random,4x4,0.02,2.0,37.845,1.0
random,4x4,0.03,2.0,65.843,1.0
random,4x4,0.04,2.0,75.608,0.999
random,4x4,0.05,2.0,91.493,0.9985
random,4x4,0.06,2.0,109.141,0.999
random,4x4,0.07,2.0,119.443,0.9981666666666666
random,4x4,0.08,2.0,139.448,0.99925
random,4x4,0.09,2.0,154.935,0.9995
random,4x4,0.1,2.0,160.002,1.0
random,4x4,0.11,2.0,179.45,0.9993333333333334
random,4x4,0.12,2.0,194.56,0.9985
random,4x4,0.13,2.0,190.062,1.0
random,4x4,0.14,2.0,208.945,0.99975
random,4x4,0.15,2.0,219.626,0.99825
random,4x4,0.16,2.0,213.969,0.9991333333333333
random,4x4,0.17,2.0,239.559,0.9973333333333334
random,4x4,0.18,2.0,244.639,0.9995
random,4x4,0.19,2.0,243.763,0.998625
random,4x4,0.2,2.0,259.237,0.9985499999999999
random,4x4,0.21,2.0,267.154,0.999
random,4x4,0.22,2.0,273.987,0.99825
random,4x4,0.23,2.0,277.268,0.9998571428571429
random,4x4,0.24,2.0,290.086,0.9990821428571429
random,4x4,0.25,2.0,283.73,0.9989166666666667
random,4x4,0.26,2.0,297.788,0.9989583333333334
random,4x4,0.27,2.0,301.28,0.9978916666666666
random,4x4,0.28,2.0,302.544,0.9980904761904762
random,4x4,0.29,2.0,309.667,0.9981
random,4x4,0.3,2.0,320.626,0.9992559523809524
random,4x4,0.31,2.0,308.766,0.9983757936507937
random,4x4,0.32,2.0,316.538,0.9991571428571429
random,4x4,0.33,2.0,334.038,0.9979904761904762
random,4x4,0.34,2.0,336.542,0.9991583333333333
random,4x4,0.35000000000000003,2.0,335.719,0.999125
random,4x4,0.36,2.0,350.055,0.9984967893217893
random,4x4,0.37,2.0,333.954,0.9989107142857143
random,4x4,0.38,2.0,345.975,0.9985638888888889
random,4x4,0.39,2.0,360.189,0.9989559523809524
random,4x4,0.4,2.0,367.088,0.9991321428571429
random,4x4,0.41000000000000003,2.0,350.579,0.998488888888889
random,4x4,0.42,2.0,365.614,0.9987603174603175
random,4x4,0.43,2.0,367.108,0.9992205988455989
random,4x4,0.44,2.0,374.109,0.998995202020202
random,4x4,0.45,2.0,371.757,0.9989988095238096
random,4x4,0.46,2.0,389.851,0.9990503246753246
random,4x4,0.47000000000000003,2.0,388.038,0.9990960317460317
random,4x4,0.48,2.0,377.262,0.9990694444444445
random,4x4,0.49,2.0,386.134,0.9985912337662338
random,4x4,0.5,2.0,383.112,0.9982308802308801
random,4x4,0.51,2.0,382.782,0.9994309523809524
random,4x4,0.52,2.0,401.117,0.99805101010101
random,4x4,0.53,2.0,400.976,0.9992535353535353
random,4x4,0.54,2.0,398.425,0.9985820346320347
random,4x4,0.55,2.0,412.416,0.9979615329115329
random,4x4,0.56,2.0,416.891,0.9984655011655011
random,4x4,0.5700000000000001,2.0,397.266,0.9989483044733045
random,4x4,0.58,2.0,411.016,0.9988994949494949
random,4x4,0.59,2.0,411.024,0.9985800865800866
random,4x4,0.6,2.0,414.452,0.9992459595959595
random,4x4,0.61,2.0,424.343,0.9988317599067599
random,4x4,0.62,2.0,413.632,0.9994475108225108
random,4x4,0.63,2.0,416.854,0.99850386002886
random,4x4,0.64,2.0,425.529,0.9984944083694084
random,4x4,0.65,2.0,429.829,0.999174592074592
random,4x4,0.66,2.0,422.612,0.9992884559884561
random,4x4,0.67,2.0,432.221,0.9993365939615939
random,4x4,0.68,2.0,438.174,0.9994924242424242
random,4x4,0.6900000000000001,2.0,430.685,0.999245337995338
random,4x4,0.7000000000000001,2.0,437.709,0.9986666194916195
random,4x4,0.71,2.0,450.821,0.9979248806748807
random,4x4,0.72,2.0,438.184,0.9990021312021312
random,4x4,0.73,2.0,441.172,0.9991075535575535
random,4x4,0.74,2.0,449.736,0.9988139027639028
random,4x4,0.75,2.0,452.619,0.9991888777888778
random,4x4,0.76,2.0,451.096,0.9985273643023643
random,4x4,0.77,2.0,447.84,0.9990992007992009
random,4x4,0.78,2.0,450.728,0.9990937007437007
random,4x4,0.79,2.0,453.544,0.9991710164835165
random,4x4,0.8,2.0,453.953,0.9983975316350316
random,4x4,0.81,2.0,458.776,0.9988984723609724
random,4x4,0.8200000000000001,2.0,461.06,0.9990077478077478
random,4x4,0.8300000000000001,2.0,460.285,0.9989330835830835
random,4x4,0.84,2.0,469.296,0.9992964285714285
random,4x4,0.85,2.0,457.147,0.99927413003663
random,4x4,0.86,2.0,466.395,0.9988562978687979
random,4x4,0.87,2.0,474.801,0.99876163003663
random,4x4,0.88,2.0,464.78,0.9988595695970696
random,4x4,0.89,2.0,473.178,0.9981189962814963
random,4x4,0.9,2.0,469.501,0.9985798326673326
random,4x4,0.91,2.0,473.985,0.9988354395604395
random,4x4,0.92,2.0,475.332,0.9986421245421245
random,4x4,0.93,2.0,481.411,0.9986568681318682
random,4x4,0.9400000000000001,2.0,478.098,0.9990107142857142
random,4x4,0.9500000000000001,2.0,486.992,0.9991440476190475
random,4x4,0.96,2.0,482.003,0.9986830586080585
random,4x4,0.97,2.0,485.624,0.9985052197802198
random,4x4,0.98,2.0,486.016,0.9988701007326007
random,4x4,0.99,2.0,484.832,0.9984791666666666
random,64x64,0.0,6.0,0.0,1.0
random,64x64,0.01,6.0,1000.0,0.022923551526190727
random,64x64,0.02,6.0,1000.0,0.023001352737219025
random,64x64,0.03,6.0,1000.0,0.023468088817141856
random,64x64,0.04,6.0,1000.0,0.023632998974844582
random,64x64,0.05,6.0,1000.0,0.023794854916546194
random,64x64,0.06,6.0,1000.0,0.02398491118644859
random,64x64,0.07,6.0,1000.0,0.02369562261340071
random,64x64,0.08,6.0,1000.0,0.02420109100058374
random,64x64,0.09,6.0,1000.0,0.023965226107614843
random,64x64,0.1,6.0,1000.0,0.02401096488597843
random,64x64,0.11,6.0,1000.0,0.023821087354013587
random,64x64,0.12,6.0,1000.0,0.023726026793247087
random,64x64,0.13,6.0,1000.0,0.023582532072434135
random,64x64,0.14,6.0,1000.0,0.023772368750450176
random,64x64,0.15,6.0,1000.0,0.02376992143520016
random,64x64,0.16,6.0,1000.0,0.023453062007955335
random,64x64,0.17,6.0,1000.0,0.02311968911866717
random,64x64,0.18,6.0,1000.0,0.02382972233758632
random,64x64,0.19,6.0,1000.0,0.023608592741806576
random,64x64,0.2,6.0,1000.0,0.023357934192988674
random,64x64,0.21,6.0,1000.0,0.023792458204876108
random,64x64,0.22,6.0,1000.0,0.02354548148398225
random,64x64,0.23,6.0,1000.0,0.02370057331160522
random,64x64,0.24,6.0,1000.0,0.023333034804200483
random,64x64,0.25,6.0,1000.0,0.0236334274804557
random,64x64,0.26,6.0,1000.0,0.0237160483785941
random,64x64,0.27,6.0,1000.0,0.023630671950768047
random,64x64,0.28,6.0,1000.0,0.023718867653828187
random,64x64,0.29,6.0,1000.0,0.023686961837371373
random,64x64,0.3,6.0,1000.0,0.023763977205311645
random,64x64,0.31,6.0,1000.0,0.023613567154687213
random,64x64,0.32,6.0,1000.0,0.023688116308720638
random,64x64,0.33,6.0,1000.0,0.02367759444392823
random,64x64,0.34,6.0,1000.0,0.023365497395662585
random,64x64,0.35000000000000003,6.0,1000.0,0.023717905345898804
random,64x64,0.36,6.0,1000.0,0.023370278928264956
random,64x64,0.37,6.0,1000.0,0.02383081568680095
random,64x64,0.38,6.0,1000.0,0.023686960741543573
random,64x64,0.39,6.0,1000.0,0.023727727639005432
random,64x64,0.4,6.0,1000.0,0.023596185870234404
random,64x64,0.41000000000000003,6.0,1000.0,0.023447472886985923
random,64x64,0.42,6.0,1000.0,0.023536824326738738
random,64x64,0.43,6.0,1000.0,0.02369413947470468
random,64x64,0.44,6.0,1000.0,0.023471882669455855
random,64x64,0.45,6.0,1000.0,0.0237128975366478
random,64x64,0.46,6.0,1000.0,0.0234954638870283
random,64x64,0.47000000000000003,6.0,1000.0,0.023457904200079312
random,64x64,0.48,6.0,1000.0,0.023629375880649773
random,64x64,0.49,6.0,1000.0,0.023622361939376193
random,64x64,0.5,6.0,1000.0,0.023799513547716675
random,64x64,0.51,6.0,1000.0,0.023627983352030823
random,64x64,0.52,6.0,1000.0,0.023492697079176696
random,64x64,0.53,6.0,1000.0,0.02361944787994481
random,64x64,0.54,6.0,1000.0,0.023504600714392716
random,64x64,0.55,6.0,1000.0,0.02354212327015486
random,64x64,0.56,6.0,1000.0,0.02337300877952056
random,64x64,0.5700000000000001,6.0,1000.0,0.023769322494173743
random,64x64,0.58,6.0,1000.0,0.02362810495092546
random,64x64,0.59,6.0,1000.0,0.023720464324076977
random,64x64,0.6,6.0,1000.0,0.023742395108428006
random,64x64,0.61,6.0,1000.0,0.02359405808472296
random,64x64,0.62,6.0,1000.0,0.02365797460281534
random,64x64,0.63,6.0,1000.0,0.023534912090064725
random,64x64,0.64,6.0,1000.0,0.023660591876228425
random,64x64,0.65,6.0,1000.0,0.02374063128302628
random,64x64,0.66,6.0,1000.0,0.023434863466219508
random,64x64,0.67,6.0,1000.0,0.02358560655243324
random,64x64,0.68,6.0,1000.0,0.023290350381288863
random,64x64,0.6900000000000001,6.0,1000.0,0.023588487336243837
random,64x64,0.7000000000000001,6.0,1000.0,0.023481572731471178
random,64x64,0.71,6.0,1000.0,0.023472848893494616
random,64x64,0.72,6.0,1000.0,0.02373493077599467
random,64x64,0.73,6.0,1000.0,0.023461469172591815
random,64x64,0.74,6.0,1000.0,0.023539518006555824
random,64x64,0.75,6.0,1000.0,0.023596261872629594
random,64x64,0.76,6.0,1000.0,0.023544729016705422
random,64x64,0.77,6.0,1000.0,0.023699319541894765
random,64x64,0.78,6.0,1000.0,0.023679152842792477
random,64x64,0.79,6.0,1000.0,0.02362987243476128
random,64x64,0.8,6.0,1000.0,0.02381550413025498
random,64x64,0.81,6.0,1000.0,0.023617431555793565
random,64x64,0.8200000000000001,6.0,1000.0,0.023534382662847592
random,64x64,0.8300000000000001,6.0,1000.0,0.02369997534406157
random,64x64,0.84,6.0,1000.0,0.023699259284854782
random,64x64,0.85,6.0,1000.0,0.023558857782679275
random,64x64,0.86,6.0,1000.0,0.0234955077679337
random,64x64,0.87,6.0,1000.0,0.023528975187466276
random,64x64,0.88,6.0,1000.0,0.023681098074014386
random,64x64,0.89,6.0,1000.0,0.023666151567453875
random,64x64,0.9,6.0,1000.0,0.023642561046871135
random,64x64,0.91,6.0,1000.0,0.023684699500717263
random,64x64,0.92,6.0,1000.0,0.02359843273082582
random,64x64,0.93,6.0,1000.0,0.02357653271970409
random,64x64,0.9400000000000001,6.0,1000.0,0.02363279491997092
random,64x64,0.9500000000000001,6.0,1000.0,0.023484269750560664
random,64x64,0.96,6.0,1000.0,0.023684125057699294
random,64x64,0.97,6.0,1000.0,0.02352675541787844
random,64x64,0.98,6.0,1000.0,0.0234655307241415
random,64x64,0.99,6.0,1000.0,0.023771835686406142
random,8x8,0.0,3.0,0.0,1.0
random,8x8,0.01,3.0,260.578,0.8928333333333334
random,8x8,0.02,3.0,434.694,0.8530571428571428
random,8x8,0.03,3.0,573.259,0.8368392857142857
random,8x8,0.04,3.0,683.567,0.8142845238095238
random,8x8,0.05,3.0,749.351,0.804836507936508
random,8x8,0.06,3.0,798.562,0.8094373015873015
random,8x8,0.07,3.0,849.42,0.7964607142857143
random,8x8,0.08,3.0,873.29,0.7972761183261183
random,8x8,0.09,3.0,891.989,0.8095783189033189
random,8x8,0.1,3.0,909.527,0.7993778166278166
random,8x8,0.11,3.0,929.694,0.7918058025308026
random,8x8,0.12,3.0,948.157,0.7957577180172768
random,8x8,0.13,3.0,955.275,0.7936625356669474
random,8x8,0.14,3.0,961.08,0.8050305001371177
random,8x8,0.15,3.0,965.122,0.806415198673016
random,8x8,0.16,3.0,971.285,0.797806173581246
random,8x8,0.17,3.0,976.633,0.7996800201432555
random,8x8,0.18,3.0,980.11,0.7979039316866484
random,8x8,0.19,3.0,984.659,0.7940801272245949
random,8x8,0.2,3.0,988.575,0.7968108037669469
random,8x8,0.21,3.0,985.941,0.7968192854359263
random,8x8,0.22,3.0,990.332,0.7979425093120412
random,8x8,0.23,3.0,994.778,0.7920993156071057
random,8x8,0.24,3.0,992.993,0.8006549347633044
random,8x8,0.25,3.0,993.393,0.8027576587276174
random,8x8,0.26,3.0,993.68,0.8041889501006788
random,8x8,0.27,3.0,995.779,0.799991200084496
random,8x8,0.28,3.0,996.415,0.7971006177967318
random,8x8,0.29,3.0,995.675,0.7949945533677147
random,8x8,0.3,3.0,998.017,0.7916108384769066
random,8x8,0.31,3.0,996.339,0.8006022171757601
random,8x8,0.32,3.0,997.17,0.7936139616786834
random,8x8,0.33,3.0,998.599,0.8026538385577361
random,8x8,0.34,3.0,998.589,0.7957700956079465
random,8x8,0.35000000000000003,3.0,998.09,0.7946455314546905
random,8x8,0.36,3.0,999.085,0.7982574657368839
random,8x8,0.37,3.0,999.277,0.7975863001510405
random,8x8,0.38,3.0,998.759,0.7984856114971944
random,8x8,0.39,3.0,999.275,0.7982060006807452
random,8x8,0.4,3.0,999.735,0.7949258833025588
random,8x8,0.41000000000000003,3.0,999.896,0.8020810084828545
random,8x8,0.42,3.0,999.709,0.7940690981305766
random,8x8,0.43,3.0,999.892,0.7978532327001071
random,8x8,0.44,3.0,999.863,0.7989543279520122
random,8x8,0.45,3.0,999.693,0.7963706651718623
random,8x8,0.46,3.0,999.823,0.7988393265079737
random,8x8,0.47000000000000003,3.0,999.851,0.7983197016805758
random,8x8,0.48,3.0,999.908,0.7983229194901756
random,8x8,0.49,3.0,999.784,0.795719930695003
random,8x8,0.5,3.0,999.946,0.7950186771032732
random,8x8,0.51,3.0,999.635,0.7978249404731046
random,8x8,0.52,3.0,999.998,0.7884216976911371
random,8x8,0.53,3.0,999.948,0.8001918597574441
random,8x8,0.54,3.0,1000.0,0.7975778713292285
random,8x8,0.55,3.0,999.988,0.7974115671727013
random,8x8,0.56,3.0,999.985,0.8012421352618054
random,8x8,0.5700000000000001,3.0,999.988,0.7974507627676444
random,8x8,0.58,3.0,1000.0,0.7941067064633138
random,8x8,0.59,3.0,1000.0,0.7971370294270179
random,8x8,0.6,3.0,1000.0,0.7983212362427828
random,8x8,0.61,3.0,1000.0,0.7971962019745895
random,8x8,0.62,3.0,1000.0,0.7972251632604831
random,8x8,0.63,3.0,1000.0,0.7974231208159296
random,8x8,0.64,3.0,1000.0,0.7966484388176512
random,8x8,0.65,3.0,1000.0,0.7993627136174628
random,8x8,0.66,3.0,1000.0,0.7993527502201182
random,8x8,0.67,3.0,1000.0,0.7957529207915306
random,8x8,0.68,3.0,1000.0,0.8001571509322182
random,8x8,0.6900000000000001,3.0,1000.0,0.7974952840395821
random,8x8,0.7000000000000001,3.0,1000.0,0.7985966965872356
random,8x8,0.71,3.0,1000.0,0.7964168742364894
random,8x8,0.72,3.0,1000.0,0.7980621022941153
random,8x8,0.73,3.0,1000.0,0.8001620164693295
random,8x8,0.74,3.0,1000.0,0.7998758407410146
random,8x8,0.75,3.0,1000.0,0.8002322099221802
random,8x8,0.76,3.0,1000.0,0.79995008901823
random,8x8,0.77,3.0,1000.0,0.793197841412995
random,8x8,0.78,3.0,1000.0,0.7976895372651597
random,8x8,0.79,3.0,1000.0,0.797558871724607
random,8x8,0.8,3.0,1000.0,0.8011272819822365
random,8x8,0.81,3.0,1000.0,0.7968955421583739
random,8x8,0.8200000000000001,3.0,1000.0,0.794379536019513
random,8x8,0.8300000000000001,3.0,1000.0,0.7971287151424189
random,8x8,0.84,3.0,1000.0,0.7953450772426812
random,8x8,0.85,3.0,1000.0,0.7984194789567217
random,8x8,0.86,3.0,1000.0,0.7965438137592273
random,8x8,0.87,3.0,1000.0,0.79461907633755
random,8x8,0.88,3.0,1000.0,0.7992071272194856
random,8x8,0.89,3.0,1000.0,0.7965366649035837
random,8x8,0.9,3.0,1000.0,0.7993297674900999
random,8x8,0.91,3.0,1000.0,0.7965182030614167
random,8x8,0.92,3.0,1000.0,0.7965613286542801
random,8x8,0.93,3.0,1000.0,0.7968951090657967
random,8x8,0.9400000000000001,3.0,1000.0,0.7983572894819274
random,8x8,0.9500000000000001,3.0,1000.0,0.7966357779719256
random,8x8,0.96,3.0,1000.0,0.798603775180423
random,8x8,0.97,3.0,1000.0,0.8001130414535109
random,8x8,0.98,3.0,1000.0,0.7965555498243247
random,8x8,0.99,3.0,1000.0,0.800321801995939
reflexive,128x128,0.0,7.0,0.0,1.0
reflexive,128x128,0.01,7.0,1000.0,0.06044785338239535
reflexive,128x128,0.02,7.0,1000.0,0.06019935664837871
reflexive,128x128,0.03,7.0,1000.0,0.058822488879156226
reflexive,128x128,0.04,7.0,1000.0,0.05904936661184699
reflexive,128x128,0.05,7.0,1000.0,0.05820113217853297
reflexive,128x128,0.06,7.0,1000.0,0.057648266233522885
reflexive,128x128,0.07,7.0,1000.0,0.05695709386530757
reflexive,128x128,0.08,7.0,1000.0,0.056492467149123766
reflexive,128x128,0.09,7.0,1000.0,0.0559774972424258
reflexive,128x128,0.1,7.0,1000.0,0.05532859249870267
reflexive,128x128,0.11,7.0,1000.0,0.05509360654864948
reflexive,128x128,0.12,7.0,1000.0,0.05464907646436868
reflexive,128x128,0.13,7.0,1000.0,0.05417846760025299
reflexive,128x128,0.14,7.0,1000.0,0.05358988122506414
reflexive,128x128,0.15,7.0,1000.0,0.053083100521573175
reflexive,128x128,0.16,7.0,1000.0,0.052788042487466776
reflexive,128x128,0.17,7.0,1000.0,0.05221629392978304
reflexive,128x128,0.18,7.0,1000.0,0.051621615945102936
reflexive,128x128,0.19,7.0,1000.0,0.05121138461286218
reflexive,128x128,0.2,7.0,1000.0,0.050804849329959316
reflexive,128x128,0.21,7.0,1000.0,0.05049344357067145
reflexive,128x128,0.22,7.0,1000.0,0.04998145012352593
reflexive,128x128,0.23,7.0,1000.0,0.0496226730102855
reflexive,128x128,0.24,7.0,1000.0,0.04920773993471234
reflexive,128x128,0.25,7.0,1000.0,0.04888202050593248
reflexive,128x128,0.26,7.0,1000.0,0.04839332673729891
reflexive,128x128,0.27,7.0,1000.0,0.047987388822073644
reflexive,128x128,0.28,7.0,1000.0,0.04771461361983934
reflexive,128x128,0.29,7.0,1000.0,0.04726233672538693
reflexive,128x128,0.3,7.0,1000.0,0.04698479035797946
reflexive,128x128,0.31,7.0,1000.0,0.04644742194056248
reflexive,128x128,0.32,7.0,1000.0,0.04633423064378019
reflexive,128x128,0.33,7.0,1000.0,0.045945425309676116
reflexive,128x128,0.34,7.0,1000.0,0.045542657304418914
reflexive,128x128,0.35000000000000003,7.0,1000.0,0.045309023895801354
reflexive,128x128,0.36,7.0,1000.0,0.04492420912743024
reflexive,128x128,0.37,7.0,1000.0,0.044499664563496015
reflexive,128x128,0.38,7.0,1000.0,0.04437975316486986
reflexive,128x128,0.39,7.0,1000.0,0.04388984649702677
reflexive,128x128,0.4,7.0,1000.0,0.04354713303902752
reflexive,128x128,0.41000000000000003,7.0,1000.0,0.04320161341663487
reflexive,128x128,0.42,7.0,1000.0,0.042971308459838854
reflexive,128x128,0.43,7.0,1000.0,0.04263706498666122
reflexive,128x128,0.44,7.0,1000.0,0.042435279676558635
reflexive,128x128,0.45,7.0,1000.0,0.04212161241740261
reflexive,128x128,0.46,7.0,1000.0,0.04179851876919324
reflexive,128x128,0.47000000000000003,7.0,1000.0,0.04150705091715449
reflexive,128x128,0.48,7.0,1000.0,0.04119471288784855
reflexive,128x128,0.49,7.0,1000.0,0.04097058713855609
reflexive,128x128,0.5,7.0,1000.0,0.04069942462885589
reflexive,128x128,0.51,7.0,1000.0,0.04041473767319643
reflexive,128x128,0.52,7.0,1000.0,0.04017797760972013
reflexive,128x128,0.53,7.0,1000.0,0.039931683457108
reflexive,128x128,0.54,7.0,1000.0,0.039661642989769014
reflexive,128x128,0.55,7.0,1000.0,0.039383616771554816
reflexive,128x128,0.56,7.0,1000.0,0.03919990275990066
reflexive,128x128,0.5700000000000001,7.0,1000.0,0.03888224571881729
reflexive,128x128,0.58,7.0,1000.0,0.03865241491644475
reflexive,128x128,0.59,7.0,1000.0,0.03836794877405224
reflexive,128x128,0.6,7.0,1000.0,0.03817859490425634
reflexive,128x128,0.61,7.0,1000.0,0.03792817332061909
reflexive,128x128,0.62,7.0,1000.0,0.037652055738839306
reflexive,128x128,0.63,7.0,1000.0,0.0374590852666259
reflexive,128x128,0.64,7.0,1000.0,0.03726110900390668
reflexive,128x128,0.65,7.0,1000.0,0.0369672986666799
reflexive,128x128,0.66,7.0,1000.0,0.03680649843535229
reflexive,128x128,0.67,7.0,1000.0,0.03657040789693855
reflexive,128x128,0.68,7.0,1000.0,0.03635244629862593
reflexive,128x128,0.6900000000000001,7.0,1000.0,0.03614421232493516
reflexive,128x128,0.7000000000000001,7.0,1000.0,0.0359089364352507
reflexive,128x128,0.71,7.0,1000.0,0.03569854748034087
reflexive,128x128,0.72,7.0,1000.0,0.03547465888458865
reflexive,128x128,0.73,7.0,1000.0,0.03528696048682939
reflexive,128x128,0.74,7.0,1000.0,0.03511719451981256
reflexive,128x128,0.75,7.0,1000.0,0.034881388686894665
reflexive,128x128,0.76,7.0,1000.0,0.03464993950184962
reflexive,128x128,0.77,7.0,1000.0,0.03452892877098454
reflexive,128x128,0.78,7.0,1000.0,0.03426790128494972
reflexive,128x128,0.79,7.0,1000.0,0.03409996439736289
reflexive,128x128,0.8,7.0,1000.0,0.033932512000254746
reflexive,128x128,0.81,7.0,1000.0,0.0337304709803351
reflexive,128x128,0.8200000000000001,7.0,1000.0,0.03352856116456704
reflexive,128x128,0.8300000000000001,7.0,1000.0,0.03336647110090791
reflexive,128x128,0.84,7.0,1000.0,0.03318761742022455
reflexive,128x128,0.85,7.0,1000.0,0.03299878543303676
reflexive,128x128,0.86,7.0,1000.0,0.03282322131016634
reflexive,128x128,0.87,7.0,1000.0,0.032657038690869125
reflexive,128x128,0.88,7.0,1000.0,0.03247793306687624
reflexive,128x128,0.89,7.0,1000.0,0.032306900315548615
reflexive,128x128,0.9,7.0,1000.0,0.032137154382499394
reflexive,128x128,0.91,7.0,1000.0,0.03196764047105585
reflexive,128x128,0.92,7.0,1000.0,0.03180807970194494
reflexive,128x128,0.93,7.0,1000.0,0.031647337779379066
reflexive,128x128,0.9400000000000001,7.0,1000.0,0.03148046447789141
reflexive,128x128,0.9500000000000001,7.0,1000.0,0.0313075113449245
reflexive,128x128,0.96,7.0,1000.0,0.031160010279009696
reflexive,128x128,0.97,7.0,1000.0,0.030997502775020936
reflexive,128x128,0.98,7.0,1000.0,0.030841232907283633
reflexive,128x128,0.99,7.0,1000.0,0.030690283503569823
reflexive,16x16,0.0,4.0,0.0,1.0
reflexive,16x16,0.01,4.0,164.992,1.0
reflexive,16x16,0.02,4.0,211.042,1.0
reflexive,16x16,0.03,4.0,229.936,1.0
reflexive,16x16,0.04,4.0,242.085,1.0
reflexive,16x16,0.05,4.0,249.037,1.0
reflexive,16x16,0.06,4.0,254.573,1.0
reflexive,16x16,0.07,4.0,259.821,1.0
reflexive,16x16,0.08,4.0,263.899,1.0
reflexive,16x16,0.09,4.0,268.212,1.0
reflexive,16x16,0.1,4.0,271.736,1.0
reflexive,16x16,0.11,4.0,275.089,1.0
reflexive,16x16,0.12,4.0,278.881,1.0
reflexive,16x16,0.13,4.0,281.842,1.0
reflexive,16x16,0.14,4.0,284.423,1.0
reflexive,16x16,0.15,4.0,287.867,1.0
reflexive,16x16,0.16,4.0,290.72,1.0
reflexive,16x16,0.17,4.0,294.052,1.0
reflexive,16x16,0.18,4.0,296.845,1.0
reflexive,16x16,0.19,4.0,298.882,1.0
reflexive,16x16,0.2,4.0,302.164,1.0
reflexive,16x16,0.21,4.0,305.219,1.0
reflexive,16x16,0.22,4.0,307.47,1.0
reflexive,16x16,0.23,4.0,310.458,1.0
reflexive,16x16,0.24,4.0,313.311,1.0
reflexive,16x16,0.25,4.0,315.556,1.0
reflexive,16x16,0.26,4.0,318.291,1.0
reflexive,16x16,0.27,4.0,321.581,1.0
reflexive,16x16,0.28,4.0,324.546,1.0
reflexive,16x16,0.29,4.0,327.188,1.0
reflexive,16x16,0.3,4.0,329.554,1.0
reflexive,16x16,0.31,4.0,331.676,1.0
reflexive,16x16,0.32,4.0,334.581,1.0
reflexive,16x16,0.33,4.0,337.535,1.0
reflexive,16x16,0.34,4.0,340.171,1.0
reflexive,16x16,0.35000000000000003,4.0,343.046,1.0
reflexive,16x16,0.36,4.0,345.636,1.0
reflexive,16x16,0.37,4.0,348.509,1.0
reflexive,16x16,0.38,4.0,350.623,1.0
reflexive,16x16,0.39,4.0,353.421,1.0
reflexive,16x16,0.4,4.0,355.149,1.0
reflexive,16x16,0.41000000000000003,4.0,358.649,1.0
reflexive,16x16,0.42,4.0,361.172,1.0
reflexive,16x16,0.43,4.0,363.863,1.0
reflexive,16x16,0.44,4.0,366.329,1.0
reflexive,16x16,0.45,4.0,369.376,1.0
reflexive,16x16,0.46,4.0,371.761,1.0
reflexive,16x16,0.47000000000000003,4.0,374.482,1.0
reflexive,16x16,0.48,4.0,376.886,1.0
reflexive,16x16,0.49,4.0,379.782,1.0
reflexive,16x16,0.5,4.0,381.736,1.0
reflexive,16x16,0.51,4.0,384.728,1.0
reflexive,16x16,0.52,4.0,387.09,1.0
reflexive,16x16,0.53,4.0,390.037,1.0
reflexive,16x16,0.54,4.0,392.427,1.0
reflexive,16x16,0.55,4.0,394.85,1.0
reflexive,16x16,0.56,4.0,397.315,1.0
reflexive,16x16,0.5700000000000001,4.0,400.119,1.0
reflexive,16x16,0.58,4.0,402.645,1.0
reflexive,16x16,0.59,4.0,405.445,1.0
reflexive,16x16,0.6,4.0,407.69,1.0
reflexive,16x16,0.61,4.0,410.084,1.0
reflexive,16x16,0.62,4.0,413.415,1.0
reflexive,16x16,0.63,4.0,415.378,1.0
reflexive,16x16,0.64,4.0,418.598,1.0
reflexive,16x16,0.65,4.0,420.676,1.0
reflexive,16x16,0.66,4.0,423.246,1.0
reflexive,16x16,0.67,4.0,426.028,1.0
reflexive,16x16,0.68,4.0,428.479,1.0
reflexive,16x16,0.6900000000000001,4.0,431.09,1.0
reflexive,16x16,0.7000000000000001,4.0,433.648,1.0
reflexive,16x16,0.71,4.0,436.011,1.0
reflexive,16x16,0.72,4.0,439.192,1.0
reflexive,16x16,0.73,4.0,441.005,1.0
reflexive,16x16,0.74,4.0,444.075,1.0
reflexive,16x16,0.75,4.0,446.482,1.0
reflexive,16x16,0.76,4.0,449.319,1.0
reflexive,16x16,0.77,4.0,451.815,1.0
reflexive,16x16,0.78,4.0,454.123,1.0
reflexive,16x16,0.79,4.0,457.152,1.0
reflexive,16x16,0.8,4.0,459.367,1.0
reflexive,16x16,0.81,4.0,462.315,1.0
reflexive,16x16,0.8200000000000001,4.0,464.812,1.0
reflexive,16x16,0.8300000000000001,4.0,467.457,1.0
reflexive,16x16,0.84,4.0,469.905,1.0
reflexive,16x16,0.85,4.0,472.276,1.0
reflexive,16x16,0.86,4.0,475.222,1.0
reflexive,16x16,0.87,4.0,477.531,1.0
reflexive,16x16,0.88,4.0,480.075,1.0
reflexive,16x16,0.89,4.0,482.812,1.0
reflexive,16x16,0.9,4.0,485.243,1.0
reflexive,16x16,0.91,4.0,487.819,1.0
reflexive,16x16,0.92,4.0,490.498,1.0
reflexive,16x16,0.93,4.0,492.887,1.0
reflexive,16x16,0.9400000000000001,4.0,495.616,1.0
reflexive,16x16,0.9500000000000001,4.0,498.298,1.0
reflexive,16x16,0.96,4.0,500.692,1.0
reflexive,16x16,0.97,4.0,503.322,1.0
reflexive,16x16,0.98,4.0,505.75,1.0
reflexive,16x16,0.99,4.0,508.448,1.0
reflexive,1x1,0.0,0.0,0.0,1.0
reflexive,1x1,0.01,0.0,0.009,1.0
reflexive,1x1,0.02,0.0,0.023,1.0
reflexive,1x1,0.03,0.0,0.025,1.0
reflexive,1x1,0.04,0.0,0.035,1.0
reflexive,1x1,0.05,0.0,0.042,1.0
reflexive,1x1,0.06,0.0,0.049,1.0
reflexive,1x1,0.07,0.0,0.075,1.0
reflexive,1x1,0.08,0.0,0.074,1.0
reflexive,1x1,0.09,0.0,0.078,1.0
reflexive,1x1,0.1,0.0,0.106,1.0
reflexive,1x1,0.11,0.0,0.103,1.0
reflexive,1x1,0.12,0.0,0.144,1.0
reflexive,1x1,0.13,0.0,0.155,1.0
reflexive,1x1,0.14,0.0,0.149,1.0
reflexive,1x1,0.15,0.0,0.155,1.0
reflexive,1x1,0.16,0.0,0.166,1.0
reflexive,1x1,0.17,0.0,0.161,1.0
reflexive,1x1,0.18,0.0,0.21,1.0
reflexive,1x1,0.19,0.0,0.197,1.0
reflexive,1x1,0.2,0.0,0.204,1.0
reflexive,1x1,0.21,0.0,0.204,1.0
reflexive,1x1,0.22,0.0,0.21,1.0
reflexive,1x1,0.23,0.0,0.24,1.0
reflexive,1x1,0.24,0.0,0.249,1.0
reflexive,1x1,0.25,0.0,0.248,1.0
reflexive,1x1,0.26,0.0,0.267,1.0
reflexive,1x1,0.27,0.0,0.253,1.0
reflexive,1x1,0.28,0.0,0.288,1.0
reflexive,1x1,0.29,0.0,0.316,1.0
reflexive,1x1,0.3,0.0,0.32,1.0
reflexive,1x1,0.31,0.0,0.303,1.0
reflexive,1x1,0.32,0.0,0.307,1.0
reflexive,1x1,0.33,0.0,0.346,1.0
reflexive,1x1,0.34,0.0,0.367,1.0
reflexive,1x1,0.35000000000000003,0.0,0.354,1.0
reflexive,1x1,0.36,0.0,0.346,1.0
reflexive,1x1,0.37,0.0,0.377,1.0
reflexive,1x1,0.38,0.0,0.373,1.0
reflexive,1x1,0.39,0.0,0.388,1.0
reflexive,1x1,0.4,0.0,0.42,1.0
reflexive,1x1,0.41000000000000003,0.0,0.43,1.0
reflexive,1x1,0.42,0.0,0.436,1.0
reflexive,1x1,0.43,0.0,0.463,1.0
reflexive,1x1,0.44,0.0,0.423,1.0
reflexive,1x1,0.45,0.0,0.457,1.0
reflexive,1x1,0.46,0.0,0.48,1.0
reflexive,1x1,0.47000000000000003,0.0,0.497,1.0
reflexive,1x1,0.48,0.0,0.448,1.0
reflexive,1x1,0.49,0.0,0.476,1.0
reflexive,1x1,0.5,0.0,0.515,1.0
reflexive,1x1,0.51,0.0,0.53,1.0
reflexive,1x1,0.52,0.0,0.525,1.0
reflexive,1x1,0.53,0.0,0.54,1.0
reflexive,1x1,0.54,0.0,0.548,1.0
reflexive,1x1,0.55,0.0,0.525,1.0
reflexive,1x1,0.56,0.0,0.581,1.0
reflexive,1x1,0.5700000000000001,0.0,0.609,1.0
reflexive,1x1,0.58,0.0,0.58,1.0
reflexive,1x1,0.59,0.0,0.594,1.0
reflexive,1x1,0.6,0.0,0.583,1.0
reflexive,1x1,0.61,0.0,0.614,1.0
reflexive,1x1,0.62,0.0,0.601,1.0
reflexive,1x1,0.63,0.0,0.639,1.0
reflexive,1x1,0.64,0.0,0.594,1.0
reflexive,1x1,0.65,0.0,0.675,1.0
reflexive,1x1,0.66,0.0,0.666,1.0
reflexive,1x1,0.67,0.0,0.66,1.0
reflexive,1x1,0.68,0.0,0.677,1.0
reflexive,1x1,0.6900000000000001,0.0,0.694,1.0
reflexive,1x1,0.7000000000000001,0.0,0.704,1.0
reflexive,1x1,0.71,0.0,0.699,1.0
reflexive,1x1,0.72,0.0,0.735,1.0
reflexive,1x1,0.73,0.0,0.723,1.0
reflexive,1x1,0.74,0.0,0.755,1.0
reflexive,1x1,0.75,0.0,0.754,1.0
reflexive,1x1,0.76,0.0,0.791,1.0
reflexive,1x1,0.77,0.0,0.767,1.0
reflexive,1x1,0.78,0.0,0.774,1.0
reflexive,1x1,0.79,0.0,0.797,1.0
reflexive,1x1,0.8,0.0,0.827,1.0
reflexive,1x1,0.81,0.0,0.8,1.0
reflexive,1x1,0.8200000000000001,0.0,0.822,1.0
reflexive,1x1,0.8300000000000001,0.0,0.813,1.0
reflexive,1x1,0.84,0.0,0.831,1.0
reflexive,1x1,0.85,0.0,0.844,1.0
reflexive,1x1,0.86,0.0,0.861,1.0
reflexive,1x1,0.87,0.0,0.856,1.0
reflexive,1x1,0.88,0.0,0.889,1.0
reflexive,1x1,0.89,0.0,0.894,1.0
reflexive,1x1,0.9,0.0,0.914,1.0
reflexive,1x1,0.91,0.0,0.921,1.0
reflexive,1x1,0.92,0.0,0.92,1.0
reflexive,1x1,0.93,0.0,0.942,1.0
reflexive,1x1,0.9400000000000001,0.0,0.927,1.0
reflexive,1x1,0.9500000000000001,0.0,0.948,1.0
reflexive,1x1,0.96,0.0,0.974,1.0
reflexive,1x1,0.97,0.0,0.972,1.0
reflexive,1x1,0.98,0.0,0.989,1.0
reflexive,1x1,0.99,0.0,0.987,1.0
reflexive,2x2,0.0,1.0,0.0,1.0
reflexive,2x2,0.01,1.0,0.093,1.0
reflexive,2x2,0.02,1.0,0.199,1.0
reflexive,2x2,0.03,1.0,0.275,1.0
reflexive,2x2,0.04,1.0,0.385,1.0
reflexive,2x2,0.05,1.0,0.495,1.0
reflexive,2x2,0.06,1.0,0.541,1.0
reflexive,2x2,0.07,1.0,0.701,1.0
reflexive,2x2,0.08,1.0,0.838,1.0
reflexive,2x2,0.09,1.0,0.894,1.0
reflexive,2x2,0.1,1.0,1.07,1.0
reflexive,2x2,0.11,1.0,1.058,1.0
reflexive,2x2,0.12,1.0,1.092,1.0
reflexive,2x2,0.13,1.0,1.153,1.0
reflexive,2x2,0.14,1.0,1.391,1.0
reflexive,2x2,0.15,1.0,1.413,1.0
reflexive,2x2,0.16,1.0,1.395,1.0
reflexive,2x2,0.17,1.0,1.619,1.0
reflexive,2x2,0.18,1.0,1.683,1.0
reflexive,2x2,0.19,1.0,1.828,1.0
reflexive,2x2,0.2,1.0,1.808,1.0
reflexive,2x2,0.21,1.0,1.851,1.0
reflexive,2x2,0.22,1.0,2.049,1.0
reflexive,2x2,0.23,1.0,2.028,1.0
reflexive,2x2,0.24,1.0,2.227,1.0
reflexive,2x2,0.25,1.0,2.315,1.0
reflexive,2x2,0.26,1.0,2.348,1.0
reflexive,2x2,0.27,1.0,2.484,1.0
reflexive,2x2,0.28,1.0,2.528,1.0
reflexive,2x2,0.29,1.0,2.674,1.0
reflexive,2x2,0.3,1.0,2.534,1.0
reflexive,2x2,0.31,1.0,2.674,1.0
reflexive,2x2,0.32,1.0,2.879,1.0
reflexive,2x2,0.33,1.0,2.839,1.0
reflexive,2x2,0.34,1.0,2.942,1.0
reflexive,2x2,0.35000000000000003,1.0,3.093,1.0
reflexive,2x2,0.36,1.0,3.131,1.0
reflexive,2x2,0.37,1.0,3.204,1.0
reflexive,2x2,0.38,1.0,3.298,1.0
reflexive,2x2,0.39,1.0,3.365,1.0
reflexive,2x2,0.4,1.0,3.49,1.0
reflexive,2x2,0.41000000000000003,1.0,3.468,1.0
reflexive,2x2,0.42,1.0,3.449,1.0
reflexive,2x2,0.43,1.0,3.535,1.0
reflexive,2x2,0.44,1.0,3.691,1.0
reflexive,2x2,0.45,1.0,3.842,1.0
reflexive,2x2,0.46,1.0,3.871,1.0
reflexive,2x2,0.47000000000000003,1.0,3.861,1.0
reflexive,2x2,0.48,1.0,3.882,1.0
reflexive,2x2,0.49,1.0,4.154,1.0
reflexive,2x2,0.5,1.0,4.127,1.0
reflexive,2x2,0.51,1.0,4.215,1.0
reflexive,2x2,0.52,1.0,4.213,1.0
reflexive,2x2,0.53,1.0,4.433,1.0
reflexive,2x2,0.54,1.0,4.42,1.0
reflexive,2x2,0.55,1.0,4.54,1.0
reflexive,2x2,0.56,1.0,4.537,1.0
reflexive,2x2,0.5700000000000001,1.0,4.617,1.0
reflexive,2x2,0.58,1.0,4.628,1.0
reflexive,2x2,0.59,1.0,4.652,1.0
reflexive,2x2,0.6,1.0,4.732,1.0
reflexive,2x2,0.61,1.0,4.832,1.0
reflexive,2x2,0.62,1.0,4.929,1.0
reflexive,2x2,0.63,1.0,4.96,1.0
reflexive,2x2,0.64,1.0,4.976,1.0
reflexive,2x2,0.65,1.0,5.136,1.0
reflexive,2x2,0.66,1.0,5.113,1.0
reflexive,2x2,0.67,1.0,5.189,1.0
reflexive,2x2,0.68,1.0,5.248,1.0
reflexive,2x2,0.6900000000000001,1.0,5.352,1.0
reflexive,2x2,0.7000000000000001,1.0,5.463,1.0
reflexive,2x2,0.71,1.0,5.52,1.0
reflexive,2x2,0.72,1.0,5.525,1.0
reflexive,2x2,0.73,1.0,5.652,1.0
reflexive,2x2,0.74,1.0,5.595,1.0
reflexive,2x2,0.75,1.0,5.685,1.0
reflexive,2x2,0.76,1.0,5.714,1.0
reflexive,2x2,0.77,1.0,5.772,1.0
reflexive,2x2,0.78,1.0,5.842,1.0
reflexive,2x2,0.79,1.0,5.893,1.0
reflexive,2x2,0.8,1.0,5.927,1.0
reflexive,2x2,0.81,1.0,6.036,1.0
reflexive,2x2,0.8200000000000001,1.0,6.099,1.0
reflexive,2x2,0.8300000000000001,1.0,6.11,1.0
reflexive,2x2,0.84,1.0,6.227,1.0
reflexive,2x2,0.85,1.0,6.233,1.0
reflexive,2x2,0.86,1.0,6.287,1.0
reflexive,2x2,0.87,1.0,6.318,1.0
reflexive,2x2,0.88,1.0,6.344,1.0
reflexive,2x2,0.89,1.0,6.484,1.0
reflexive,2x2,0.9,1.0,6.493,1.0
reflexive,2x2,0.91,1.0,6.551,1.0
reflexive,2x2,0.92,1.0,6.634,1.0
reflexive,2x2,0.93,1.0,6.634,1.0
reflexive,2x2,0.9400000000000001,1.0,6.713,1.0
reflexive,2x2,0.9500000000000001,1.0,6.749,1.0
reflexive,2x2,0.96,1.0,6.773,1.0
reflexive,2x2,0.97,1.0,6.81,1.0
reflexive,2x2,0.98,1.0,6.925,1.0
reflexive,2x2,0.99,1.0,6.946,1.0
reflexive,32x32,0.0,5.0,0.0,1.0
reflexive,32x32,0.01,5.0,933.367,0.9669589639548618
reflexive,32x32,0.02,5.0,978.13,0.9604523534880455
reflexive,32x32,0.03,5.0,994.086,0.9486611459793041
reflexive,32x32,0.04,5.0,997.981,0.9380913270934289
reflexive,32x32,0.05,5.0,999.676,0.930754836061836
reflexive,32x32,0.06,5.0,999.893,0.9212034929628636
reflexive,32x32,0.07,5.0,1000.0,0.9132544740229367
reflexive,32x32,0.08,5.0,1000.0,0.906255584155321
reflexive,32x32,0.09,5.0,1000.0,0.8962505648118837
reflexive,32x32,0.1,5.0,1000.0,0.8892853826244138
reflexive,32x32,0.11,5.0,1000.0,0.8797437098350651
reflexive,32x32,0.12,5.0,1000.0,0.8708613024871797
reflexive,32x32,0.13,5.0,1000.0,0.8641186236739963
reflexive,32x32,0.14,5.0,1000.0,0.8569220988460389
reflexive,32x32,0.15,5.0,1000.0,0.8500363249818326
reflexive,32x32,0.16,5.0,1000.0,0.8430148322491727
reflexive,32x32,0.17,5.0,1000.0,0.8357959962781225
reflexive,32x32,0.18,5.0,1000.0,0.828547005100039
reflexive,32x32,0.19,5.0,1000.0,0.8225596987752773
reflexive,32x32,0.2,5.0,1000.0,0.8154970788028401
reflexive,32x32,0.21,5.0,1000.0,0.8067655807431372
reflexive,32x32,0.22,5.0,1000.0,0.8022261751091725
reflexive,32x32,0.23,5.0,1000.0,0.7951374948106231
reflexive,32x32,0.24,5.0,1000.0,0.7877660286052329
reflexive,32x32,0.25,5.0,1000.0,0.7816459849327012
reflexive,32x32,0.26,5.0,1000.0,0.7752366721885136
reflexive,32x32,0.27,5.0,1000.0,0.7702658000708844
reflexive,32x32,0.28,5.0,1000.0,0.7634309966809468
reflexive,32x32,0.29,5.0,1000.0,0.7583013169389784
reflexive,32x32,0.3,5.0,1000.0,0.7515964483230927
reflexive,32x32,0.31,5.0,1000.0,0.7463644119374846
reflexive,32x32,0.32,5.0,1000.0,0.7402305793311809
reflexive,32x32,0.33,5.0,1000.0,0.7349002286949322
reflexive,32x32,0.34,5.0,1000.0,0.7296733996140796
reflexive,32x32,0.35000000000000003,5.0,1000.0,0.7242033558636061
reflexive,32x32,0.36,5.0,1000.0,0.7185361801008558
reflexive,32x32,0.37,5.0,1000.0,0.7132683037390809
reflexive,32x32,0.38,5.0,1000.0,0.7080011608095531
reflexive,32x32,0.39,5.0,1000.0,0.7031380233174735
reflexive,32x32,0.4,5.0,1000.0,0.698835615044352
reflexive,32x32,0.41000000000000003,5.0,1000.0,0.6932090721341636
reflexive,32x32,0.42,5.0,1000.0,0.6878353652035106
reflexive,32x32,0.43,5.0,1000.0,0.6828422594385992
reflexive,32x32,0.44,5.0,1000.0,0.6786476046210728
reflexive,32x32,0.45,5.0,1000.0,0.6737571803100499
reflexive,32x32,0.46,5.0,1000.0,0.66905864112505
reflexive,32x32,0.47000000000000003,5.0,1000.0,0.6647903321706138
reflexive,32x32,0.48,5.0,1000.0,0.6606587106748562
reflexive,32x32,0.49,5.0,1000.0,0.6554894576402123
reflexive,32x32,0.5,5.0,1000.0,0.6512068890653847
reflexive,32x32,0.51,5.0,1000.0,0.6478556855438226
reflexive,32x32,0.52,5.0,1000.0,0.6428579501494522
reflexive,32x32,0.53,5.0,1000.0,0.6386508985998025
reflexive,32x32,0.54,5.0,1000.0,0.6346021691480342
reflexive,32x32,0.55,5.0,1000.0,0.6306693140428056
reflexive,32x32,0.56,5.0,1000.0,0.6260832562135109
reflexive,32x32,0.5700000000000001,5.0,1000.0,0.6220742965646189
reflexive,32x32,0.58,5.0,1000.0,0.6185635800130491
reflexive,32x32,0.59,5.0,1000.0,0.613768795363453
reflexive,32x32,0.6,5.0,1000.0,0.6107314569492498
reflexive,32x32,0.61,5.0,1000.0,0.6069212882473811
reflexive,32x32,0.62,5.0,1000.0,0.6029005172446306
reflexive,32x32,0.63,5.0,1000.0,0.5992001116525209
reflexive,32x32,0.64,5.0,1000.0,0.5957001044077951
reflexive,32x32,0.65,5.0,1000.0,0.5917397173353939
reflexive,32x32,0.66,5.0,1000.0,0.5885757500338742
reflexive,32x32,0.67,5.0,1000.0,0.5851537824225519
reflexive,32x32,0.68,5.0,1000.0,0.5816206860003269
reflexive,32x32,0.6900000000000001,5.0,1000.0,0.5782056764126997
reflexive,32x32,0.7000000000000001,5.0,1000.0,0.5747358876041457
reflexive,32x32,0.71,5.0,1000.0,0.571325993564092
reflexive,32x32,0.72,5.0,1000.0,0.567956391983034
reflexive,32x32,0.73,5.0,1000.0,0.5646051042189332
reflexive,32x32,0.74,5.0,1000.0,0.5614159624953241
reflexive,32x32,0.75,5.0,1000.0,0.5586173014507526
reflexive,32x32,0.76,5.0,1000.0,0.5553789943119889
reflexive,32x32,0.77,5.0,1000.0,0.5520042580353817
reflexive,32x32,0.78,5.0,1000.0,0.5490503946959602
reflexive,32x32,0.79,5.0,1000.0,0.5458390137623763
reflexive,32x32,0.8,5.0,1000.0,0.5427308384474417
reflexive,32x32,0.81,5.0,1000.0,0.5399812304820585
reflexive,32x32,0.8200000000000001,5.0,1000.0,0.5371127288585883
reflexive,32x32,0.8300000000000001,5.0,1000.0,0.5340652317137249
reflexive,32x32,0.84,5.0,1000.0,0.5310438356899725
reflexive,32x32,0.85,5.0,1000.0,0.5281800263361397
reflexive,32x32,0.86,5.0,1000.0,0.5254824686124213
reflexive,32x32,0.87,5.0,1000.0,0.522734907100885
reflexive,32x32,0.88,5.0,1000.0,0.5197328052407719
reflexive,32x32,0.89,5.0,1000.0,0.5169312432943759
reflexive,32x32,0.9,5.0,1000.0,0.5142655994165964
reflexive,32x32,0.91,5.0,1000.0,0.5114912981436907
reflexive,32x32,0.92,5.0,1000.0,0.5090063297232994
reflexive,32x32,0.93,5.0,1000.0,0.5064790317245794
reflexive,32x32,0.9400000000000001,5.0,1000.0,0.5036676824877018
reflexive,32x32,0.9500000000000001,5.0,1000.0,0.501135415662728
reflexive,32x32,0.96,5.0,1000.0,0.4984909407634151
reflexive,32x32,0.97,5.0,1000.0,0.49600218687614994
reflexive,32x32,0.98,5.0,1000.0,0.4935691113457034
reflexive,32x32,0.99,5.0,1000.0,0.49101203287810585
reflexive,4x4,0.0,2.0,0.0,1.0
reflexive,4x4,0.01,2.0,1.336,1.0
reflexive,4x4,0.02,2.0,2.71,1.0
reflexive,4x4,0.03,2.0,3.679,1.0
reflexive,4x4,0.04,2.0,4.736,1.0
reflexive,4x4,0.05,2.0,5.753,1.0
reflexive,4x4,0.06,2.0,6.535,1.0
reflexive,4x4,0.07,2.0,7.161,1.0
reflexive,4x4,0.08,2.0,8.119,1.0
reflexive,4x4,0.09,2.0,8.956,1.0
reflexive,4x4,0.1,2.0,9.23,1.0
reflexive,4x4,0.11,2.0,10.069,1.0
reflexive,4x4,0.12,2.0,10.512,1.0
reflexive,4x4,0.13,2.0,11.487,1.0
reflexive,4x4,0.14,2.0,11.731,1.0
reflexive,4x4,0.15,2.0,12.239,1.0
reflexive,4x4,0.16,2.0,12.68,1.0
reflexive,4x4,0.17,2.0,12.901,1.0
reflexive,4x4,0.18,2.0,13.547,1.0
reflexive,4x4,0.19,2.0,14.208,1.0
reflexive,4x4,0.2,2.0,14.164,1.0
reflexive,4x4,0.21,2.0,14.682,1.0
reflexive,4x4,0.22,2.0,15.065,1.0
reflexive,4x4,0.23,2.0,15.468,1.0
reflexive,4x4,0.24,2.0,15.598,1.0
reflexive,4x4,0.25,2.0,16.099,1.0
reflexive,4x4,0.26,2.0,16.546,1.0
reflexive,4x4,0.27,2.0,16.617,1.0
reflexive,4x4,0.28,2.0,17.08,1.0
reflexive,4x4,0.29,2.0,17.308,1.0
reflexive,4x4,0.3,2.0,17.525,1.0
reflexive,4x4,0.31,2.0,17.72,1.0
reflexive,4x4,0.32,2.0,17.961,1.0
reflexive,4x4,0.33,2.0,18.252,1.0
reflexive,4x4,0.34,2.0,18.574,1.0
reflexive,4x4,0.35000000000000003,2.0,18.78,1.0
reflexive,4x4,0.36,2.0,18.919,1.0
reflexive,4x4,0.37,2.0,19.186,1.0
reflexive,4x4,0.38,2.0,19.387,1.0
reflexive,4x4,0.39,2.0,19.705,1.0
reflexive,4x4,0.4,2.0,20.011,1.0
reflexive,4x4,0.41000000000000003,2.0,20.199,1.0
reflexive,4x4,0.42,2.0,20.31,1.0
reflexive,4x4,0.43,2.0,20.525,1.0
reflexive,4x4,0.44,2.0,20.698,1.0
reflexive,4x4,0.45,2.0,21.131,1.0
reflexive,4x4,0.46,2.0,21.029,1.0
reflexive,4x4,0.47000000000000003,2.0,21.403,1.0
reflexive,4x4,0.48,2.0,21.738,1.0
reflexive,4x4,0.49,2.0,21.694,1.0
reflexive,4x4,0.5,2.0,22.016,1.0
reflexive,4x4,0.51,2.0,22.182,1.0
reflexive,4x4,0.52,2.0,22.487,1.0
reflexive,4x4,0.53,2.0,22.502,1.0
reflexive,4x4,0.54,2.0,22.948,1.0
reflexive,4x4,0.55,2.0,23.029,1.0
reflexive,4x4,0.56,2.0,23.164,1.0
reflexive,4x4,0.5700000000000001,2.0,23.39,1.0
reflexive,4x4,0.58,2.0,23.59,1.0
reflexive,4x4,0.59,2.0,23.669,1.0
reflexive,4x4,0.6,2.0,24.072,1.0
reflexive,4x4,0.61,2.0,24.185,1.0
reflexive,4x4,0.62,2.0,24.343,1.0
reflexive,4x4,0.63,2.0,24.455,1.0
reflexive,4x4,0.64,2.0,24.668,1.0
reflexive,4x4,0.65,2.0,24.833,1.0
reflexive,4x4,0.66,2.0,25.028,1.0
reflexive,4x4,0.67,2.0,25.164,1.0
reflexive,4x4,0.68,2.0,25.424,1.0
reflexive,4x4,0.6900000000000001,2.0,25.497,1.0
reflexive,4x4,0.7000000000000001,2.0,25.774,1.0
reflexive,4x4,0.71,2.0,25.936,1.0
reflexive,4x4,0.72,2.0,26.108,1.0
reflexive,4x4,0.73,2.0,26.417,1.0
reflexive,4x4,0.74,2.0,26.599,1.0
reflexive,4x4,0.75,2.0,26.648,1.0
reflexive,4x4,0.76,2.0,26.814,1.0
reflexive,4x4,0.77,2.0,27.037,1.0
reflexive,4x4,0.78,2.0,27.223,1.0
reflexive,4x4,0.79,2.0,27.403,1.0
reflexive,4x4,0.8,2.0,27.603,1.0
reflexive,4x4,0.81,2.0,27.789,1.0
reflexive,4x4,0.8200000000000001,2.0,27.979,1.0
reflexive,4x4,0.8300000000000001,2.0,28.029,1.0
reflexive,4x4,0.84,2.0,28.258,1.0
reflexive,4x4,0.85,2.0,28.474,1.0
reflexive,4x4,0.86,2.0,28.617,1.0
reflexive,4x4,0.87,2.0,28.794,1.0
reflexive,4x4,0.88,2.0,28.932,1.0
reflexive,4x4,0.89,2.0,29.056,1.0
reflexive,4x4,0.9,2.0,29.259,1.0
reflexive,4x4,0.91,2.0,29.414,1.0
reflexive,4x4,0.92,2.0,29.63,1.0
reflexive,4x4,0.93,2.0,29.739,1.0
reflexive,4x4,0.9400000000000001,2.0,29.926,1.0
reflexive,4x4,0.9500000000000001,2.0,30.136,1.0
reflexive,4x4,0.96,2.0,30.312,1.0
reflexive,4x4,0.97,2.0,30.483,1.0
reflexive,4x4,0.98,2.0,30.66,1.0
reflexive,4x4,0.99,2.0,30.807,1.0
reflexive,64x64,0.0,6.0,0.0,1.0
reflexive,64x64,0.01,6.0,1000.0,0.24096282924437942
reflexive,64x64,0.02,6.0,1000.0,0.23761353714976502
reflexive,64x64,0.03,6.0,1000.0,0.23534988380809618
reflexive,64x64,0.04,6.0,1000.0,0.2343447412223548
reflexive,64x64,0.05,6.0,1000.0,0.23242993995998681
reflexive,64x64,0.06,6.0,1000.0,0.22987065288953798
reflexive,64x64,0.07,6.0,1000.0,0.22807829343291147
reflexive,64x64,0.08,6.0,1000.0,0.22662632175108485
reflexive,64x64,0.09,6.0,1000.0,0.22491899298795243
reflexive,64x64,0.1,6.0,1000.0,0.2221083124075353
reflexive,64x64,0.11,6.0,1000.0,0.21975421888909075
reflexive,64x64,0.12,6.0,1000.0,0.21772363895783198
reflexive,64x64,0.13,6.0,1000.0,0.2164477886752361
reflexive,64x64,0.14,6.0,1000.0,0.21470174332809572
reflexive,64x64,0.15,6.0,1000.0,0.2122275973174235
reflexive,64x64,0.16,6.0,1000.0,0.21014669860432938
reflexive,64x64,0.17,6.0,1000.0,0.2089024078623247
reflexive,64x64,0.18,6.0,1000.0,0.20658634135245565
reflexive,64x64,0.19,6.0,1000.0,0.20443850415611578
reflexive,64x64,0.2,6.0,1000.0,0.20353159534792428
reflexive,64x64,0.21,6.0,1000.0,0.20187013299135137
reflexive,64x64,0.22,6.0,1000.0,0.2004479642444176
reflexive,64x64,0.23,6.0,1000.0,0.199042394747999
reflexive,64x64,0.24,6.0,1000.0,0.19654321601319508
reflexive,64x64,0.25,6.0,1000.0,0.1953995684539306
reflexive,64x64,0.26,6.0,1000.0,0.19379655750826558
reflexive,64x64,0.27,6.0,1000.0,0.1921234088139221
reflexive,64x64,0.28,6.0,1000.0,0.1908560790862455
reflexive,64x64,0.29,6.0,1000.0,0.18951371403490666
reflexive,64x64,0.3,6.0,1000.0,0.18764581012086168
reflexive,64x64,0.31,6.0,1000.0,0.18639883449055786
reflexive,64x64,0.32,6.0,1000.0,0.18494490873937103
reflexive,64x64,0.33,6.0,1000.0,0.18370748752621088
reflexive,64x64,0.34,6.0,1000.0,0.18232944648941965
reflexive,64x64,0.35000000000000003,6.0,1000.0,0.18085820164392133
reflexive,64x64,0.36,6.0,1000.0,0.17980340298789607
reflexive,64x64,0.37,6.0,1000.0,0.17814568011255053
reflexive,64x64,0.38,6.0,1000.0,0.17715614485735293
reflexive,64x64,0.39,6.0,1000.0,0.17564683225295563
reflexive,64x64,0.4,6.0,1000.0,0.17448678231345036
reflexive,64x64,0.41000000000000003,6.0,1000.0,0.1731575285707405
reflexive,64x64,0.42,6.0,1000.0,0.17230223068295364
reflexive,64x64,0.43,6.0,1000.0,0.17060557070885798
reflexive,64x64,0.44,6.0,1000.0,0.16964053168937424
reflexive,64x64,0.45,6.0,1000.0,0.16850071097334568
reflexive,64x64,0.46,6.0,1000.0,0.16738588712766267
reflexive,64x64,0.47000000000000003,6.0,1000.0,0.16637579951417453
reflexive,64x64,0.48,6.0,1000.0,0.16516900749781824
reflexive,64x64,0.49,6.0,1000.0,0.16403169197619222
reflexive,64x64,0.5,6.0,1000.0,0.1629116732574629
reflexive,64x64,0.51,6.0,1000.0,0.16186391527246113
reflexive,64x64,0.52,6.0,1000.0,0.16071465093747905
reflexive,64x64,0.53,6.0,1000.0,0.15972460063961838
reflexive,64x64,0.54,6.0,1000.0,0.15841893219423817
reflexive,64x64,0.55,6.0,1000.0,0.15741690362503657
reflexive,64x64,0.56,6.0,1000.0,0.15652040410870585
reflexive,64x64,0.5700000000000001,6.0,1000.0,0.155581402156046
reflexive,64x64,0.58,6.0,1000.0,0.1544251588130484
reflexive,64x64,0.59,6.0,1000.0,0.15340284061364434
reflexive,64x64,0.6,6.0,1000.0,0.15275900094187952
reflexive,64x64,0.61,6.0,1000.0,0.15158680310087444
reflexive,64x64,0.62,6.0,1000.0,0.15074576320619187
reflexive,64x64,0.63,6.0,1000.0,0.14967830412479438
reflexive,64x64,0.64,6.0,1000.0,0.14907133694962282
reflexive,64x64,0.65,6.0,1000.0,0.1480617318805666
reflexive,64x64,0.66,6.0,1000.0,0.14720101182933143
reflexive,64x64,0.67,6.0,1000.0,0.14623838953989726
reflexive,64x64,0.68,6.0,1000.0,0.14520229448729513
reflexive,64x64,0.6900000000000001,6.0,1000.0,0.14453010273896974
reflexive,64x64,0.7000000000000001,6.0,1000.0,0.1436179805326943
reflexive,64x64,0.71,6.0,1000.0,0.14293028103772043
reflexive,64x64,0.72,6.0,1000.0,0.14199407426005212
reflexive,64x64,0.73,6.0,1000.0,0.14122614632818858
reflexive,64x64,0.74,6.0,1000.0,0.14029052021671928
reflexive,64x64,0.75,6.0,1000.0,0.139489418241383
reflexive,64x64,0.76,6.0,1000.0,0.13866664678224253
reflexive,64x64,0.77,6.0,1000.0,0.1380264026255697
reflexive,64x64,0.78,6.0,1000.0,0.1371111909572891
reflexive,64x64,0.79,6.0,1000.0,0.13650781239457524
reflexive,64x64,0.8,6.0,1000.0,0.13570456431618044
reflexive,64x64,0.81,6.0,1000.0,0.13491912535374465
reflexive,64x64,0.8200000000000001,6.0,1000.0,0.1342300833097437
reflexive,64x64,0.8300000000000001,6.0,1000.0,0.13349578527121517
reflexive,64x64,0.84,6.0,1000.0,0.1327576130673707
reflexive,64x64,0.85,6.0,1000.0,0.13206479695524476
reflexive,64x64,0.86,6.0,1000.0,0.13129909074546578
reflexive,64x64,0.87,6.0,1000.0,0.13057107399367898
reflexive,64x64,0.88,6.0,1000.0,0.1300108403287788
reflexive,64x64,0.89,6.0,1000.0,0.12922802873297967
reflexive,64x64,0.9,6.0,1000.0,0.12856980117454533
reflexive,64x64,0.91,6.0,1000.0,0.12788972012497674
reflexive,64x64,0.92,6.0,1000.0,0.12721853218372978
reflexive,64x64,0.93,6.0,1000.0,0.12653843998300088
reflexive,64x64,0.9400000000000001,6.0,1000.0,0.125892373951235
reflexive,64x64,0.9500000000000001,6.0,1000.0,0.12527468445432133
reflexive,64x64,0.96,6.0,1000.0,0.12460750640278831
reflexive,64x64,0.97,6.0,1000.0,0.12400137078645902
reflexive,64x64,0.98,6.0,1000.0,0.12337199291396946
reflexive,64x64,0.99,6.0,1000.0,0.1227483626441996
reflexive,8x8,0.0,3.0,0.0,1.0
reflexive,8x8,0.01,3.0,17.537,1.0
reflexive,8x8,0.02,3.0,29.579,1.0
reflexive,8x8,0.03,3.0,37.195,1.0
reflexive,8x8,0.04,3.0,43.7,1.0
reflexive,8x8,0.05,3.0,48.035,1.0
reflexive,8x8,0.06,3.0,51.507,1.0
reflexive,8x8,0.07,3.0,54.685,1.0
reflexive,8x8,0.08,3.0,56.54,1.0
reflexive,8x8,0.09,3.0,58.878,1.0
reflexive,8x8,0.1,3.0,60.342,1.0
reflexive,8x8,0.11,3.0,61.893,1.0
reflexive,8x8,0.12,3.0,62.853,1.0
reflexive,8x8,0.13,3.0,64.386,1.0
reflexive,8x8,0.14,3.0,66.133,1.0
reflexive,8x8,0.15,3.0,66.675,1.0
reflexive,8x8,0.16,3.0,68.271,1.0
reflexive,8x8,0.17,3.0,68.948,1.0
reflexive,8x8,0.18,3.0,70.439,1.0
reflexive,8x8,0.19,3.0,70.636,1.0
reflexive,8x8,0.2,3.0,71.828,1.0
reflexive,8x8,0.21,3.0,72.918,1.0
reflexive,8x8,0.22,3.0,73.629,1.0
reflexive,8x8,0.23,3.0,74.503,1.0
reflexive,8x8,0.24,3.0,75.415,1.0
reflexive,8x8,0.25,3.0,75.955,1.0
reflexive,8x8,0.26,3.0,76.513,1.0
reflexive,8x8,0.27,3.0,77.65,1.0
reflexive,8x8,0.28,3.0,78.185,1.0
reflexive,8x8,0.29,3.0,79.276,1.0
reflexive,8x8,0.3,3.0,79.87,1.0
reflexive,8x8,0.31,3.0,80.327,1.0
reflexive,8x8,0.32,3.0,81.511,1.0
reflexive,8x8,0.33,3.0,82.403,1.0
reflexive,8x8,0.34,3.0,82.655,1.0
reflexive,8x8,0.35000000000000003,3.0,83.657,1.0
reflexive,8x8,0.36,3.0,84.019,1.0
reflexive,8x8,0.37,3.0,84.843,1.0
reflexive,8x8,0.38,3.0,85.697,1.0
reflexive,8x8,0.39,3.0,86.367,1.0
reflexive,8x8,0.4,3.0,87.09,1.0
reflexive,8x8,0.41000000000000003,3.0,87.726,1.0
reflexive,8x8,0.42,3.0,88.36,1.0
reflexive,8x8,0.43,3.0,89.272,1.0
reflexive,8x8,0.44,3.0,89.878,1.0
reflexive,8x8,0.45,3.0,90.55,1.0
reflexive,8x8,0.46,3.0,91.279,1.0
reflexive,8x8,0.47000000000000003,3.0,91.972,1.0
reflexive,8x8,0.48,3.0,92.504,1.0
reflexive,8x8,0.49,3.0,93.415,1.0
reflexive,8x8,0.5,3.0,94.035,1.0
reflexive,8x8,0.51,3.0,94.734,1.0
reflexive,8x8,0.52,3.0,95.324,1.0
reflexive,8x8,0.53,3.0,96.289,1.0
reflexive,8x8,0.54,3.0,96.931,1.0
reflexive,8x8,0.55,3.0,97.335,1.0
reflexive,8x8,0.56,3.0,97.926,1.0
reflexive,8x8,0.5700000000000001,3.0,98.661,1.0
reflexive,8x8,0.58,3.0,99.361,1.0
reflexive,8x8,0.59,3.0,100.286,1.0
reflexive,8x8,0.6,3.0,100.608,1.0
reflexive,8x8,0.61,3.0,101.267,1.0
reflexive,8x8,0.62,3.0,102.174,1.0
reflexive,8x8,0.63,3.0,102.832,1.0
reflexive,8x8,0.64,3.0,103.372,1.0
reflexive,8x8,0.65,3.0,104.001,1.0
reflexive,8x8,0.66,3.0,104.771,1.0
reflexive,8x8,0.67,3.0,105.498,1.0
reflexive,8x8,0.68,3.0,106.272,1.0
reflexive,8x8,0.6900000000000001,3.0,106.783,1.0
reflexive,8x8,0.7000000000000001,3.0,107.473,1.0
reflexive,8x8,0.71,3.0,108.159,1.0
reflexive,8x8,0.72,3.0,108.693,1.0
reflexive,8x8,0.73,3.0,109.261,1.0
reflexive,8x8,0.74,3.0,109.958,1.0
reflexive,8x8,0.75,3.0,110.559,1.0
reflexive,8x8,0.76,3.0,111.502,1.0
reflexive,8x8,0.77,3.0,112.181,1.0
reflexive,8x8,0.78,3.0,112.359,1.0
reflexive,8x8,0.79,3.0,113.405,1.0
reflexive,8x8,0.8,3.0,113.987,1.0
reflexive,8x8,0.81,3.0,114.512,1.0
reflexive,8x8,0.8200000000000001,3.0,115.159,1.0
reflexive,8x8,0.8300000000000001,3.0,115.843,1.0
reflexive,8x8,0.84,3.0,116.607,1.0
reflexive,8x8,0.85,3.0,117.303,1.0
reflexive,8x8,0.86,3.0,117.827,1.0
reflexive,8x8,0.87,3.0,118.434,1.0
reflexive,8x8,0.88,3.0,119.201,1.0
reflexive,8x8,0.89,3.0,119.91,1.0
reflexive,8x8,0.9,3.0,120.509,1.0
reflexive,8x8,0.91,3.0,121.31,1.0
reflexive,8x8,0.92,3.0,121.842,1.0
reflexive,8x8,0.93,3.0,122.376,1.0
reflexive,8x8,0.9400000000000001,3.0,123.033,1.0
reflexive,8x8,0.9500000000000001,3.0,123.751,1.0
reflexive,8x8,0.96,3.0,124.331,1.0
reflexive,8x8,0.97,3.0,125.036,1.0
reflexive,8x8,0.98,3.0,125.732,1.0
reflexive,8x8,0.99,3.0,126.388,1.0
